TransactionID,DateKey,AccountID,DepartmentID,CostCenterID,Amount,TransactionType,Description
1,20230124,4001,1,CC-100,99624.81,Revenue,Product Sales - Sales
2,20230105,4001,2,CC-200,89171.15,Revenue,Product Sales - Marketing
3,20230103,4001,9,CC-500,102408.77,Revenue,Product Sales - Sales - APAC
4,20230101,4001,10,CC-100,98221.0,Revenue,Product Sales - Sales - EMEA
5,20230117,4002,1,CC-200,52247.46,Revenue,Service Revenue - Sales
6,20230107,4002,2,CC-500,61321.03,Revenue,Service Revenue - Marketing
7,20230114,4002,9,CC-500,63355.95,Revenue,Service Revenue - Sales - APAC
8,20230109,4002,10,CC-500,54509.87,Revenue,Service Revenue - Sales - EMEA
9,20230125,4003,1,CC-100,41800.71,Revenue,Subscription Revenue - Sales
10,20230111,4003,2,CC-400,41759.28,Revenue,Subscription Revenue - Marketing
11,20230125,4003,9,CC-200,35701.07,Revenue,Subscription Revenue - Sales - APAC
12,20230113,4003,10,CC-100,36374.92,Revenue,Subscription Revenue - Sales - EMEA
13,20230120,4004,1,CC-300,22414.88,Revenue,Consulting Revenue - Sales
14,20230124,4004,2,CC-100,23698.58,Revenue,Consulting Revenue - Marketing
15,20230113,4004,9,CC-100,25189.6,Revenue,Consulting Revenue - Sales - APAC
16,20230127,4004,10,CC-300,22277.82,Revenue,Consulting Revenue - Sales - EMEA
17,20230119,4005,1,CC-300,20966.57,Revenue,License Revenue - Sales
18,20230102,4005,2,CC-100,18323.92,Revenue,License Revenue - Marketing
19,20230103,4005,9,CC-300,21164.15,Revenue,License Revenue - Sales - APAC
20,20230113,4005,10,CC-100,22339.39,Revenue,License Revenue - Sales - EMEA
21,20230106,4010,1,CC-300,2975.19,Revenue,Interest Income - Sales
22,20230122,4010,2,CC-200,3063.36,Revenue,Interest Income - Marketing
23,20230120,4010,9,CC-100,2964.67,Revenue,Interest Income - Sales - APAC
24,20230124,4010,10,CC-500,3316.57,Revenue,Interest Income - Sales - EMEA
25,20230108,5001,3,CC-500,85660.4,Expense,Cost of Goods Sold - Engineering
26,20230108,5001,8,CC-100,96646.11,Expense,Cost of Goods Sold - Research & Development
27,20230119,5002,6,CC-200,43087.08,Expense,Direct Labor - Operations
28,20230107,5002,7,CC-300,54650.98,Expense,Direct Labor - Customer Support
29,20230124,5003,8,CC-200,10191.96,Expense,Manufacturing Overhead - Research & Development
30,20230124,5003,7,CC-300,11526.16,Expense,Manufacturing Overhead - Customer Support
31,20230113,5003,10,CC-500,11630.64,Expense,Manufacturing Overhead - Sales - EMEA
32,20230117,5003,2,CC-200,10628.98,Expense,Manufacturing Overhead - Marketing
33,20230126,6001,2,CC-200,91854.56,Expense,Salaries & Wages - Marketing
34,20230103,6001,1,CC-500,114367.2,Expense,Salaries & Wages - Sales
35,20230115,6001,10,CC-500,101750.07,Expense,Salaries & Wages - Sales - EMEA
36,20230125,6002,5,CC-500,23126.14,Expense,Employee Benefits - Human Resources
37,20230104,6002,9,CC-300,19268.01,Expense,Employee Benefits - Sales - APAC
38,20230115,6002,1,CC-200,19494.75,Expense,Employee Benefits - Sales
39,20230117,6002,6,CC-300,17027.59,Expense,Employee Benefits - Operations
40,20230127,6003,9,CC-300,31575.7,Expense,Rent & Facilities - Sales - APAC
41,20230107,6003,2,CC-500,29028.44,Expense,Rent & Facilities - Marketing
42,20230101,6004,6,CC-500,6094.51,Expense,Utilities - Operations
43,20230101,6004,3,CC-400,6237.47,Expense,Utilities - Engineering
44,20230119,6005,6,CC-200,33591.78,Expense,Marketing & Advertising - Operations
45,20230124,6005,5,CC-100,44204.24,Expense,Marketing & Advertising - Human Resources
46,20230118,6006,2,CC-400,7094.64,Expense,Travel & Entertainment - Marketing
47,20230128,6006,9,CC-500,7217.09,Expense,Travel & Entertainment - Sales - APAC
48,20230118,6006,3,CC-200,8688.65,Expense,Travel & Entertainment - Engineering
49,20230117,6007,4,CC-400,9274.57,Expense,Professional Services - Finance
50,20230108,6007,5,CC-200,8580.2,Expense,Professional Services - Human Resources
51,20230119,6007,7,CC-100,7224.09,Expense,Professional Services - Customer Support
52,20230108,6007,6,CC-500,8938.73,Expense,Professional Services - Operations
53,20230128,6008,2,CC-100,20060.48,Expense,Software & Technology - Marketing
54,20230108,6008,1,CC-500,20973.86,Expense,Software & Technology - Sales
55,20230119,6009,8,CC-500,7988.5,Expense,Depreciation - Research & Development
56,20230126,6009,4,CC-400,7253.17,Expense,Depreciation - Finance
57,20230104,6009,3,CC-100,7060.71,Expense,Depreciation - Engineering
58,20230122,6010,7,CC-100,4440.64,Expense,Insurance - Customer Support
59,20230102,6010,6,CC-100,4776.22,Expense,Insurance - Operations
60,20230126,6010,10,CC-300,4324.72,Expense,Insurance - Sales - EMEA
61,20230107,6010,4,CC-200,5151.01,Expense,Insurance - Finance
62,20230109,6011,9,CC-200,3424.29,Expense,Office Supplies - Sales - APAC
63,20230115,6011,8,CC-100,3940.2,Expense,Office Supplies - Research & Development
64,20230106,6012,2,CC-200,4389.55,Expense,Training & Development - Marketing
65,20230107,6012,1,CC-400,3609.62,Expense,Training & Development - Sales
66,20230106,6012,9,CC-100,4296.98,Expense,Training & Development - Sales - APAC
67,20230109,6012,8,CC-400,3568.46,Expense,Training & Development - Research & Development
68,20230107,7001,5,CC-300,18674.91,Expense,Income Tax - Human Resources
69,20230124,7001,7,CC-500,25728.81,Expense,Income Tax - Customer Support
70,20230102,7001,8,CC-300,22032.36,Expense,Income Tax - Research & Development
71,20230217,4001,1,CC-400,85639.23,Revenue,Product Sales - Sales
72,20230206,4001,2,CC-500,111455.8,Revenue,Product Sales - Marketing
73,20230203,4001,9,CC-500,85839.32,Revenue,Product Sales - Sales - APAC
74,20230220,4001,10,CC-100,109434.87,Revenue,Product Sales - Sales - EMEA
75,20230213,4002,1,CC-200,53615.92,Revenue,Service Revenue - Sales
76,20230208,4002,2,CC-500,54575.5,Revenue,Service Revenue - Marketing
77,20230220,4002,9,CC-100,63058.42,Revenue,Service Revenue - Sales - APAC
78,20230219,4002,10,CC-500,53875.05,Revenue,Service Revenue - Sales - EMEA
79,20230207,4003,1,CC-300,39870.66,Revenue,Subscription Revenue - Sales
80,20230208,4003,2,CC-300,41616.34,Revenue,Subscription Revenue - Marketing
81,20230222,4003,9,CC-200,36815.5,Revenue,Subscription Revenue - Sales - APAC
82,20230211,4003,10,CC-400,41328.55,Revenue,Subscription Revenue - Sales - EMEA
83,20230201,4004,1,CC-100,29797.83,Revenue,Consulting Revenue - Sales
84,20230204,4004,2,CC-500,26069.62,Revenue,Consulting Revenue - Marketing
85,20230217,4004,9,CC-200,23020.22,Revenue,Consulting Revenue - Sales - APAC
86,20230203,4004,10,CC-300,24540.39,Revenue,Consulting Revenue - Sales - EMEA
87,20230210,4005,1,CC-300,23278.02,Revenue,License Revenue - Sales
88,20230223,4005,2,CC-500,18754.07,Revenue,License Revenue - Marketing
89,20230201,4005,9,CC-500,19661.78,Revenue,License Revenue - Sales - APAC
90,20230210,4005,10,CC-500,21952.5,Revenue,License Revenue - Sales - EMEA
91,20230205,4010,1,CC-100,3727.44,Revenue,Interest Income - Sales
92,20230224,4010,2,CC-100,3066.82,Revenue,Interest Income - Marketing
93,20230210,4010,9,CC-300,3352.69,Revenue,Interest Income - Sales - APAC
94,20230207,4010,10,CC-300,3403.78,Revenue,Interest Income - Sales - EMEA
95,20230203,5001,5,CC-100,52296.06,Expense,Cost of Goods Sold - Human Resources
96,20230202,5001,9,CC-300,47417.12,Expense,Cost of Goods Sold - Sales - APAC
97,20230221,5001,8,CC-200,36063.82,Expense,Cost of Goods Sold - Research & Development
98,20230224,5001,3,CC-200,53636.36,Expense,Cost of Goods Sold - Engineering
99,20230218,5002,9,CC-200,26750.4,Expense,Direct Labor - Sales - APAC
100,20230219,5002,7,CC-300,25789.69,Expense,Direct Labor - Customer Support
101,20230205,5002,1,CC-400,32331.98,Expense,Direct Labor - Sales
102,20230212,5003,5,CC-100,26090.83,Expense,Manufacturing Overhead - Human Resources
103,20230222,5003,6,CC-200,19890.69,Expense,Manufacturing Overhead - Operations
104,20230220,6001,6,CC-400,184584.62,Expense,Salaries & Wages - Operations
105,20230228,6001,9,CC-200,175966.57,Expense,Salaries & Wages - Sales - APAC
106,20230226,6002,3,CC-300,34421.37,Expense,Employee Benefits - Engineering
107,20230209,6002,7,CC-200,49823.87,Expense,Employee Benefits - Customer Support
108,20230208,6003,2,CC-400,31593.83,Expense,Rent & Facilities - Marketing
109,20230212,6003,7,CC-400,24195.3,Expense,Rent & Facilities - Customer Support
110,20230211,6004,4,CC-400,4256.05,Expense,Utilities - Finance
111,20230225,6004,10,CC-100,3645.76,Expense,Utilities - Sales - EMEA
112,20230213,6004,1,CC-500,3646.6,Expense,Utilities - Sales
113,20230206,6005,9,CC-300,21577.79,Expense,Marketing & Advertising - Sales - APAC
114,20230202,6005,6,CC-300,19354.42,Expense,Marketing & Advertising - Operations
115,20230212,6005,1,CC-400,15813.02,Expense,Marketing & Advertising - Sales
116,20230214,6005,8,CC-300,20464.09,Expense,Marketing & Advertising - Research & Development
117,20230223,6006,9,CC-100,5475.2,Expense,Travel & Entertainment - Sales - APAC
118,20230226,6006,2,CC-500,6090.14,Expense,Travel & Entertainment - Marketing
119,20230212,6006,7,CC-200,6346.13,Expense,Travel & Entertainment - Customer Support
120,20230220,6006,5,CC-300,6078.24,Expense,Travel & Entertainment - Human Resources
121,20230213,6007,2,CC-300,12445.5,Expense,Professional Services - Marketing
122,20230205,6007,5,CC-500,12586.97,Expense,Professional Services - Human Resources
123,20230222,6007,9,CC-400,10228.59,Expense,Professional Services - Sales - APAC
124,20230210,6008,3,CC-300,12751.76,Expense,Software & Technology - Engineering
125,20230220,6008,5,CC-500,9945.82,Expense,Software & Technology - Human Resources
126,20230215,6008,7,CC-400,11946.18,Expense,Software & Technology - Customer Support
127,20230217,6008,9,CC-200,10989.72,Expense,Software & Technology - Sales - APAC
128,20230211,6009,3,CC-500,7378.66,Expense,Depreciation - Engineering
129,20230222,6009,2,CC-200,6140.6,Expense,Depreciation - Marketing
130,20230205,6009,5,CC-200,6777.23,Expense,Depreciation - Human Resources
131,20230228,6010,1,CC-500,10742.17,Expense,Insurance - Sales
132,20230214,6010,4,CC-400,9966.56,Expense,Insurance - Finance
133,20230221,6011,10,CC-200,1919.72,Expense,Office Supplies - Sales - EMEA
134,20230225,6011,4,CC-100,2150.1,Expense,Office Supplies - Finance
135,20230226,6011,7,CC-200,1940.12,Expense,Office Supplies - Customer Support
136,20230215,6011,9,CC-500,2366.37,Expense,Office Supplies - Sales - APAC
137,20230215,6012,9,CC-100,8752.41,Expense,Training & Development - Sales - APAC
138,20230222,6012,4,CC-400,6400.02,Expense,Training & Development - Finance
139,20230214,7001,9,CC-500,18297.54,Expense,Income Tax - Sales - APAC
140,20230215,7001,6,CC-500,18398.7,Expense,Income Tax - Operations
141,20230215,7001,8,CC-400,18831.85,Expense,Income Tax - Research & Development
142,20230227,7001,5,CC-200,14684.75,Expense,Income Tax - Human Resources
143,20230316,4001,1,CC-500,111288.77,Revenue,Product Sales - Sales
144,20230315,4001,2,CC-300,110938.87,Revenue,Product Sales - Marketing
145,20230308,4001,9,CC-300,93328.06,Revenue,Product Sales - Sales - APAC
146,20230318,4001,10,CC-300,99555.62,Revenue,Product Sales - Sales - EMEA
147,20230308,4002,1,CC-200,58132.52,Revenue,Service Revenue - Sales
148,20230323,4002,2,CC-200,64166.55,Revenue,Service Revenue - Marketing
149,20230314,4002,9,CC-400,60793.36,Revenue,Service Revenue - Sales - APAC
150,20230314,4002,10,CC-400,63126.08,Revenue,Service Revenue - Sales - EMEA
151,20230313,4003,1,CC-400,37136.06,Revenue,Subscription Revenue - Sales
152,20230323,4003,2,CC-500,47942.05,Revenue,Subscription Revenue - Marketing
153,20230313,4003,9,CC-500,36588.0,Revenue,Subscription Revenue - Sales - APAC
154,20230310,4003,10,CC-300,42454.77,Revenue,Subscription Revenue - Sales - EMEA
155,20230318,4004,1,CC-400,30667.21,Revenue,Consulting Revenue - Sales
156,20230326,4004,2,CC-500,30616.26,Revenue,Consulting Revenue - Marketing
157,20230316,4004,9,CC-200,29382.81,Revenue,Consulting Revenue - Sales - APAC
158,20230316,4004,10,CC-400,26101.05,Revenue,Consulting Revenue - Sales - EMEA
159,20230322,4005,1,CC-300,19374.59,Revenue,License Revenue - Sales
160,20230324,4005,2,CC-400,23775.07,Revenue,License Revenue - Marketing
161,20230305,4005,9,CC-400,20295.27,Revenue,License Revenue - Sales - APAC
162,20230301,4005,10,CC-500,25816.39,Revenue,License Revenue - Sales - EMEA
163,20230319,4010,1,CC-500,3997.41,Revenue,Interest Income - Sales
164,20230321,4010,2,CC-100,3736.71,Revenue,Interest Income - Marketing
165,20230306,4010,9,CC-400,3486.2,Revenue,Interest Income - Sales - APAC
166,20230311,4010,10,CC-400,3081.87,Revenue,Interest Income - Sales - EMEA
167,20230309,5001,8,CC-400,84150.02,Expense,Cost of Goods Sold - Research & Development
168,20230309,5001,6,CC-400,99072.35,Expense,Cost of Goods Sold - Operations
169,20230312,5002,8,CC-100,52231.46,Expense,Direct Labor - Research & Development
170,20230325,5002,1,CC-100,42260.22,Expense,Direct Labor - Sales
171,20230305,5003,1,CC-500,12776.53,Expense,Manufacturing Overhead - Sales
172,20230322,5003,10,CC-400,10073.45,Expense,Manufacturing Overhead - Sales - EMEA
173,20230315,5003,4,CC-200,9514.75,Expense,Manufacturing Overhead - Finance
174,20230306,5003,2,CC-300,12147.59,Expense,Manufacturing Overhead - Marketing
175,20230310,6001,10,CC-100,67459.16,Expense,Salaries & Wages - Sales - EMEA
176,20230313,6001,2,CC-400,82425.5,Expense,Salaries & Wages - Marketing
177,20230303,6001,3,CC-200,94127.06,Expense,Salaries & Wages - Engineering
178,20230304,6001,8,CC-200,82947.13,Expense,Salaries & Wages - Research & Development
179,20230303,6002,5,CC-300,21528.33,Expense,Employee Benefits - Human Resources
180,20230301,6002,2,CC-300,21300.67,Expense,Employee Benefits - Marketing
181,20230304,6002,1,CC-400,24221.39,Expense,Employee Benefits - Sales
182,20230321,6002,3,CC-300,20684.95,Expense,Employee Benefits - Engineering
183,20230320,6003,3,CC-300,20047.83,Expense,Rent & Facilities - Engineering
184,20230325,6003,7,CC-500,20593.46,Expense,Rent & Facilities - Customer Support
185,20230327,6003,10,CC-400,18212.32,Expense,Rent & Facilities - Sales - EMEA
186,20230309,6004,10,CC-100,2694.59,Expense,Utilities - Sales - EMEA
187,20230325,6004,5,CC-200,3457.96,Expense,Utilities - Human Resources
188,20230322,6004,6,CC-500,2957.65,Expense,Utilities - Operations
189,20230316,6004,7,CC-100,2854.79,Expense,Utilities - Customer Support
190,20230311,6005,3,CC-300,23548.25,Expense,Marketing & Advertising - Engineering
191,20230323,6005,8,CC-500,22796.58,Expense,Marketing & Advertising - Research & Development
192,20230301,6005,4,CC-500,28801.07,Expense,Marketing & Advertising - Finance
193,20230325,6006,4,CC-500,6016.07,Expense,Travel & Entertainment - Finance
194,20230321,6006,2,CC-400,5600.81,Expense,Travel & Entertainment - Marketing
195,20230326,6006,10,CC-400,6779.61,Expense,Travel & Entertainment - Sales - EMEA
196,20230308,6006,6,CC-300,5043.11,Expense,Travel & Entertainment - Operations
197,20230312,6007,4,CC-500,11541.88,Expense,Professional Services - Finance
198,20230311,6007,5,CC-500,11319.02,Expense,Professional Services - Human Resources
199,20230309,6007,6,CC-400,10975.12,Expense,Professional Services - Operations
200,20230304,6008,5,CC-300,16327.71,Expense,Software & Technology - Human Resources
201,20230307,6008,4,CC-200,16457.29,Expense,Software & Technology - Finance
202,20230309,6008,2,CC-400,13298.31,Expense,Software & Technology - Marketing
203,20230308,6009,10,CC-300,6231.78,Expense,Depreciation - Sales - EMEA
204,20230301,6009,9,CC-300,5193.94,Expense,Depreciation - Sales - APAC
205,20230309,6009,5,CC-200,5957.64,Expense,Depreciation - Human Resources
206,20230318,6009,1,CC-100,4500.13,Expense,Depreciation - Sales
207,20230310,6010,3,CC-500,6894.53,Expense,Insurance - Engineering
208,20230311,6010,8,CC-400,5926.55,Expense,Insurance - Research & Development
209,20230309,6010,2,CC-100,5242.47,Expense,Insurance - Marketing
210,20230321,6011,2,CC-500,2657.86,Expense,Office Supplies - Marketing
211,20230305,6011,10,CC-200,2865.55,Expense,Office Supplies - Sales - EMEA
212,20230303,6011,7,CC-300,2998.55,Expense,Office Supplies - Customer Support
213,20230320,6012,2,CC-500,8293.33,Expense,Training & Development - Marketing
214,20230325,6012,9,CC-200,8372.22,Expense,Training & Development - Sales - APAC
215,20230310,7001,7,CC-400,18591.08,Expense,Income Tax - Customer Support
216,20230320,7001,8,CC-100,16696.09,Expense,Income Tax - Research & Development
217,20230325,7001,9,CC-100,19240.71,Expense,Income Tax - Sales - APAC
218,20230309,7001,3,CC-200,14350.62,Expense,Income Tax - Engineering
219,20230408,4001,1,CC-200,117914.45,Revenue,Product Sales - Sales
220,20230406,4001,2,CC-100,101491.21,Revenue,Product Sales - Marketing
221,20230423,4001,9,CC-400,95715.31,Revenue,Product Sales - Sales - APAC
222,20230402,4001,10,CC-300,115666.13,Revenue,Product Sales - Sales - EMEA
223,20230423,4002,1,CC-300,64361.0,Revenue,Service Revenue - Sales
224,20230422,4002,2,CC-100,77551.74,Revenue,Service Revenue - Marketing
225,20230426,4002,9,CC-300,64401.9,Revenue,Service Revenue - Sales - APAC
226,20230422,4002,10,CC-500,76116.2,Revenue,Service Revenue - Sales - EMEA
227,20230414,4003,1,CC-200,49102.73,Revenue,Subscription Revenue - Sales
228,20230421,4003,2,CC-200,39799.48,Revenue,Subscription Revenue - Marketing
229,20230427,4003,9,CC-300,40261.36,Revenue,Subscription Revenue - Sales - APAC
230,20230406,4003,10,CC-100,40170.19,Revenue,Subscription Revenue - Sales - EMEA
231,20230424,4004,1,CC-500,32633.66,Revenue,Consulting Revenue - Sales
232,20230415,4004,2,CC-300,32918.16,Revenue,Consulting Revenue - Marketing
233,20230423,4004,9,CC-300,26619.18,Revenue,Consulting Revenue - Sales - APAC
234,20230417,4004,10,CC-300,29122.58,Revenue,Consulting Revenue - Sales - EMEA
235,20230403,4005,1,CC-400,24034.87,Revenue,License Revenue - Sales
236,20230424,4005,2,CC-400,24448.51,Revenue,License Revenue - Marketing
237,20230401,4005,9,CC-300,22484.04,Revenue,License Revenue - Sales - APAC
238,20230419,4005,10,CC-500,20838.2,Revenue,License Revenue - Sales - EMEA
239,20230419,4010,1,CC-300,4257.13,Revenue,Interest Income - Sales
240,20230416,4010,2,CC-200,3232.76,Revenue,Interest Income - Marketing
241,20230409,4010,9,CC-400,3771.33,Revenue,Interest Income - Sales - APAC
242,20230414,4010,10,CC-500,3391.68,Revenue,Interest Income - Sales - EMEA
243,20230422,5001,8,CC-300,43350.27,Expense,Cost of Goods Sold - Research & Development
244,20230411,5001,2,CC-200,37882.8,Expense,Cost of Goods Sold - Marketing
245,20230410,5001,10,CC-400,43409.61,Expense,Cost of Goods Sold - Sales - EMEA
246,20230427,5001,3,CC-400,47926.5,Expense,Cost of Goods Sold - Engineering
247,20230425,5002,1,CC-100,21397.79,Expense,Direct Labor - Sales
248,20230427,5002,8,CC-500,22839.66,Expense,Direct Labor - Research & Development
249,20230415,5002,2,CC-500,28387.13,Expense,Direct Labor - Marketing
250,20230417,5002,3,CC-200,22925.85,Expense,Direct Labor - Engineering
251,20230409,5003,10,CC-200,16559.94,Expense,Manufacturing Overhead - Sales - EMEA
252,20230415,5003,8,CC-300,15295.32,Expense,Manufacturing Overhead - Research & Development
253,20230404,5003,9,CC-400,17285.08,Expense,Manufacturing Overhead - Sales - APAC
254,20230418,6001,10,CC-300,173426.1,Expense,Salaries & Wages - Sales - EMEA
255,20230403,6001,4,CC-400,128875.17,Expense,Salaries & Wages - Finance
256,20230416,6002,2,CC-200,50100.03,Expense,Employee Benefits - Marketing
257,20230417,6002,8,CC-300,49855.1,Expense,Employee Benefits - Research & Development
258,20230405,6003,5,CC-500,12340.52,Expense,Rent & Facilities - Human Resources
259,20230417,6003,7,CC-500,13109.72,Expense,Rent & Facilities - Customer Support
260,20230428,6003,8,CC-200,15104.61,Expense,Rent & Facilities - Research & Development
261,20230411,6003,4,CC-400,11383.96,Expense,Rent & Facilities - Finance
262,20230419,6004,5,CC-500,2758.27,Expense,Utilities - Human Resources
263,20230428,6004,1,CC-400,3598.68,Expense,Utilities - Sales
264,20230416,6004,10,CC-500,2578.31,Expense,Utilities - Sales - EMEA
265,20230425,6004,6,CC-500,2814.15,Expense,Utilities - Operations
266,20230419,6005,7,CC-200,16414.89,Expense,Marketing & Advertising - Customer Support
267,20230402,6005,8,CC-400,17872.28,Expense,Marketing & Advertising - Research & Development
268,20230423,6005,6,CC-400,17386.32,Expense,Marketing & Advertising - Operations
269,20230413,6005,10,CC-400,21850.73,Expense,Marketing & Advertising - Sales - EMEA
270,20230411,6006,3,CC-500,6255.73,Expense,Travel & Entertainment - Engineering
271,20230404,6006,8,CC-400,7174.25,Expense,Travel & Entertainment - Research & Development
272,20230401,6006,1,CC-400,6314.88,Expense,Travel & Entertainment - Sales
273,20230428,6006,2,CC-400,6806.11,Expense,Travel & Entertainment - Marketing
274,20230420,6007,3,CC-300,10392.21,Expense,Professional Services - Engineering
275,20230428,6007,2,CC-100,9424.47,Expense,Professional Services - Marketing
276,20230413,6007,8,CC-500,8149.98,Expense,Professional Services - Research & Development
277,20230428,6007,7,CC-400,10339.49,Expense,Professional Services - Customer Support
278,20230408,6008,1,CC-300,12079.8,Expense,Software & Technology - Sales
279,20230404,6008,2,CC-400,12360.45,Expense,Software & Technology - Marketing
280,20230415,6008,4,CC-100,12421.66,Expense,Software & Technology - Finance
281,20230401,6008,6,CC-300,9748.64,Expense,Software & Technology - Operations
282,20230414,6009,6,CC-300,10090.82,Expense,Depreciation - Operations
283,20230414,6009,1,CC-500,9440.51,Expense,Depreciation - Sales
284,20230420,6010,3,CC-400,4697.09,Expense,Insurance - Engineering
285,20230419,6010,10,CC-400,4829.64,Expense,Insurance - Sales - EMEA
286,20230421,6010,9,CC-400,3857.61,Expense,Insurance - Sales - APAC
287,20230422,6010,1,CC-300,4057.16,Expense,Insurance - Sales
288,20230403,6011,8,CC-200,4284.18,Expense,Office Supplies - Research & Development
289,20230419,6011,5,CC-300,3906.77,Expense,Office Supplies - Human Resources
290,20230413,6012,7,CC-200,5690.61,Expense,Training & Development - Customer Support
291,20230408,6012,5,CC-100,5706.67,Expense,Training & Development - Human Resources
292,20230419,6012,8,CC-300,4762.73,Expense,Training & Development - Research & Development
293,20230428,7001,5,CC-500,19712.16,Expense,Income Tax - Human Resources
294,20230420,7001,1,CC-100,23276.93,Expense,Income Tax - Sales
295,20230425,7001,7,CC-300,23791.49,Expense,Income Tax - Customer Support
296,20230526,4001,1,CC-500,125038.26,Revenue,Product Sales - Sales
297,20230520,4001,2,CC-200,109666.15,Revenue,Product Sales - Marketing
298,20230521,4001,9,CC-200,106165.33,Revenue,Product Sales - Sales - APAC
299,20230510,4001,10,CC-100,100882.37,Revenue,Product Sales - Sales - EMEA
300,20230519,4002,1,CC-100,77582.04,Revenue,Service Revenue - Sales
301,20230503,4002,2,CC-200,68505.33,Revenue,Service Revenue - Marketing
302,20230524,4002,9,CC-300,80174.23,Revenue,Service Revenue - Sales - APAC
303,20230505,4002,10,CC-200,69590.08,Revenue,Service Revenue - Sales - EMEA
304,20230517,4003,1,CC-300,49845.28,Revenue,Subscription Revenue - Sales
305,20230527,4003,2,CC-300,45924.71,Revenue,Subscription Revenue - Marketing
306,20230526,4003,9,CC-400,41280.78,Revenue,Subscription Revenue - Sales - APAC
307,20230526,4003,10,CC-300,43079.1,Revenue,Subscription Revenue - Sales - EMEA
308,20230505,4004,1,CC-100,27067.26,Revenue,Consulting Revenue - Sales
309,20230528,4004,2,CC-200,32933.11,Revenue,Consulting Revenue - Marketing
310,20230528,4004,9,CC-400,32218.65,Revenue,Consulting Revenue - Sales - APAC
311,20230503,4004,10,CC-300,33396.11,Revenue,Consulting Revenue - Sales - EMEA
312,20230509,4005,1,CC-100,26337.53,Revenue,License Revenue - Sales
313,20230512,4005,2,CC-400,24490.79,Revenue,License Revenue - Marketing
314,20230519,4005,9,CC-300,25481.03,Revenue,License Revenue - Sales - APAC
315,20230504,4005,10,CC-300,23360.35,Revenue,License Revenue - Sales - EMEA
316,20230501,4010,1,CC-400,4025.62,Revenue,Interest Income - Sales
317,20230511,4010,2,CC-500,3962.18,Revenue,Interest Income - Marketing
318,20230521,4010,9,CC-200,4301.51,Revenue,Interest Income - Sales - APAC
319,20230523,4010,10,CC-400,3323.79,Revenue,Interest Income - Sales - EMEA
320,20230510,5001,7,CC-100,49088.32,Expense,Cost of Goods Sold - Customer Support
321,20230504,5001,2,CC-100,71902.26,Expense,Cost of Goods Sold - Marketing
322,20230505,5001,3,CC-500,53635.2,Expense,Cost of Goods Sold - Engineering
323,20230514,5002,8,CC-200,32772.98,Expense,Direct Labor - Research & Development
324,20230520,5002,6,CC-400,33629.01,Expense,Direct Labor - Operations
325,20230502,5002,7,CC-300,30502.8,Expense,Direct Labor - Customer Support
326,20230504,5003,6,CC-300,13277.5,Expense,Manufacturing Overhead - Operations
327,20230518,5003,4,CC-300,13414.17,Expense,Manufacturing Overhead - Finance
328,20230502,5003,8,CC-300,13057.63,Expense,Manufacturing Overhead - Research & Development
329,20230504,5003,9,CC-200,10791.63,Expense,Manufacturing Overhead - Sales - APAC
330,20230508,6001,2,CC-300,87491.35,Expense,Salaries & Wages - Marketing
331,20230507,6001,4,CC-500,127523.03,Expense,Salaries & Wages - Finance
332,20230507,6001,1,CC-500,88260.7,Expense,Salaries & Wages - Sales
333,20230501,6002,4,CC-500,18254.21,Expense,Employee Benefits - Finance
334,20230505,6002,10,CC-200,19356.84,Expense,Employee Benefits - Sales - EMEA
335,20230504,6002,6,CC-200,21591.83,Expense,Employee Benefits - Operations
336,20230505,6002,7,CC-100,22618.99,Expense,Employee Benefits - Customer Support
337,20230506,6003,6,CC-100,28477.38,Expense,Rent & Facilities - Operations
338,20230524,6003,4,CC-200,24919.04,Expense,Rent & Facilities - Finance
339,20230517,6004,9,CC-300,3961.99,Expense,Utilities - Sales - APAC
340,20230517,6004,2,CC-400,4149.87,Expense,Utilities - Marketing
341,20230502,6004,10,CC-500,3554.48,Expense,Utilities - Sales - EMEA
342,20230516,6005,9,CC-100,22230.2,Expense,Marketing & Advertising - Sales - APAC
343,20230522,6005,5,CC-400,21354.74,Expense,Marketing & Advertising - Human Resources
344,20230503,6005,8,CC-400,15809.71,Expense,Marketing & Advertising - Research & Development
345,20230520,6005,6,CC-300,21744.5,Expense,Marketing & Advertising - Operations
346,20230518,6006,2,CC-500,11375.08,Expense,Travel & Entertainment - Marketing
347,20230520,6006,3,CC-400,13560.76,Expense,Travel & Entertainment - Engineering
348,20230528,6007,5,CC-100,9775.84,Expense,Professional Services - Human Resources
349,20230524,6007,8,CC-500,9291.5,Expense,Professional Services - Research & Development
350,20230515,6007,7,CC-400,10029.22,Expense,Professional Services - Customer Support
351,20230511,6007,1,CC-400,10108.32,Expense,Professional Services - Sales
352,20230522,6008,7,CC-300,13875.29,Expense,Software & Technology - Customer Support
353,20230522,6008,10,CC-200,13529.34,Expense,Software & Technology - Sales - EMEA
354,20230503,6008,2,CC-100,17537.91,Expense,Software & Technology - Marketing
355,20230526,6009,2,CC-300,9224.88,Expense,Depreciation - Marketing
356,20230519,6009,7,CC-100,9372.51,Expense,Depreciation - Customer Support
357,20230528,6010,9,CC-400,4236.48,Expense,Insurance - Sales - APAC
358,20230510,6010,6,CC-100,5248.52,Expense,Insurance - Operations
359,20230504,6010,2,CC-300,4680.74,Expense,Insurance - Marketing
360,20230505,6010,4,CC-200,4640.25,Expense,Insurance - Finance
361,20230504,6011,8,CC-300,2276.3,Expense,Office Supplies - Research & Development
362,20230508,6011,4,CC-500,2210.08,Expense,Office Supplies - Finance
363,20230525,6011,2,CC-500,2245.78,Expense,Office Supplies - Marketing
364,20230522,6011,3,CC-500,2254.74,Expense,Office Supplies - Engineering
365,20230511,6012,9,CC-300,3270.62,Expense,Training & Development - Sales - APAC
366,20230528,6012,1,CC-200,3526.54,Expense,Training & Development - Sales
367,20230503,6012,5,CC-400,3214.88,Expense,Training & Development - Human Resources
368,20230503,6012,10,CC-100,3212.81,Expense,Training & Development - Sales - EMEA
369,20230512,7001,9,CC-200,15948.7,Expense,Income Tax - Sales - APAC
370,20230525,7001,4,CC-300,15025.64,Expense,Income Tax - Finance
371,20230503,7001,7,CC-500,19119.15,Expense,Income Tax - Customer Support
372,20230506,7001,10,CC-200,18741.72,Expense,Income Tax - Sales - EMEA
373,20230622,4001,1,CC-100,127141.57,Revenue,Product Sales - Sales
374,20230622,4001,2,CC-400,103297.3,Revenue,Product Sales - Marketing
375,20230615,4001,9,CC-500,115432.27,Revenue,Product Sales - Sales - APAC
376,20230625,4001,10,CC-200,115083.89,Revenue,Product Sales - Sales - EMEA
377,20230614,4002,1,CC-300,73772.24,Revenue,Service Revenue - Sales
378,20230616,4002,2,CC-500,64920.12,Revenue,Service Revenue - Marketing
379,20230602,4002,9,CC-300,74093.9,Revenue,Service Revenue - Sales - APAC
380,20230602,4002,10,CC-500,67337.43,Revenue,Service Revenue - Sales - EMEA
381,20230607,4003,1,CC-300,40271.46,Revenue,Subscription Revenue - Sales
382,20230610,4003,2,CC-300,51039.68,Revenue,Subscription Revenue - Marketing
383,20230616,4003,9,CC-100,44813.63,Revenue,Subscription Revenue - Sales - APAC
384,20230605,4003,10,CC-200,50751.43,Revenue,Subscription Revenue - Sales - EMEA
385,20230617,4004,1,CC-200,30367.96,Revenue,Consulting Revenue - Sales
386,20230603,4004,2,CC-300,32054.94,Revenue,Consulting Revenue - Marketing
387,20230614,4004,9,CC-100,30527.32,Revenue,Consulting Revenue - Sales - APAC
388,20230628,4004,10,CC-100,26952.11,Revenue,Consulting Revenue - Sales - EMEA
389,20230619,4005,1,CC-400,23538.96,Revenue,License Revenue - Sales
390,20230610,4005,2,CC-400,24222.46,Revenue,License Revenue - Marketing
391,20230611,4005,9,CC-100,22058.52,Revenue,License Revenue - Sales - APAC
392,20230615,4005,10,CC-500,22482.7,Revenue,License Revenue - Sales - EMEA
393,20230603,4010,1,CC-300,4329.71,Revenue,Interest Income - Sales
394,20230608,4010,2,CC-100,3862.74,Revenue,Interest Income - Marketing
395,20230617,4010,9,CC-400,3861.52,Revenue,Interest Income - Sales - APAC
396,20230624,4010,10,CC-300,3439.78,Revenue,Interest Income - Sales - EMEA
397,20230617,5001,4,CC-100,49833.11,Expense,Cost of Goods Sold - Finance
398,20230612,5001,6,CC-300,60238.85,Expense,Cost of Goods Sold - Operations
399,20230608,5001,3,CC-200,65457.1,Expense,Cost of Goods Sold - Engineering
400,20230605,5002,3,CC-500,41748.16,Expense,Direct Labor - Engineering
401,20230606,5002,5,CC-100,52444.09,Expense,Direct Labor - Human Resources
402,20230621,5003,8,CC-500,13158.69,Expense,Manufacturing Overhead - Research & Development
403,20230611,5003,10,CC-500,11858.84,Expense,Manufacturing Overhead - Sales - EMEA
404,20230605,5003,9,CC-300,12889.11,Expense,Manufacturing Overhead - Sales - APAC
405,20230615,5003,6,CC-400,10978.93,Expense,Manufacturing Overhead - Operations
406,20230615,6001,5,CC-300,80234.78,Expense,Salaries & Wages - Human Resources
407,20230612,6001,10,CC-100,78461.24,Expense,Salaries & Wages - Sales - EMEA
408,20230621,6001,1,CC-100,90614.29,Expense,Salaries & Wages - Sales
409,20230620,6001,3,CC-100,91656.0,Expense,Salaries & Wages - Engineering
410,20230615,6002,9,CC-100,21711.69,Expense,Employee Benefits - Sales - APAC
411,20230621,6002,7,CC-500,24726.92,Expense,Employee Benefits - Customer Support
412,20230616,6002,8,CC-500,18600.04,Expense,Employee Benefits - Research & Development
413,20230615,6002,5,CC-100,21261.62,Expense,Employee Benefits - Human Resources
414,20230602,6003,6,CC-200,27550.04,Expense,Rent & Facilities - Operations
415,20230615,6003,2,CC-400,24725.18,Expense,Rent & Facilities - Marketing
416,20230614,6004,9,CC-400,3501.52,Expense,Utilities - Sales - APAC
417,20230602,6004,3,CC-500,3329.36,Expense,Utilities - Engineering
418,20230603,6004,6,CC-300,3347.07,Expense,Utilities - Operations
419,20230622,6004,10,CC-500,2795.63,Expense,Utilities - Sales - EMEA
420,20230622,6005,5,CC-500,23333.62,Expense,Marketing & Advertising - Human Resources
421,20230610,6005,10,CC-300,21414.28,Expense,Marketing & Advertising - Sales - EMEA
422,20230605,6005,3,CC-400,29676.97,Expense,Marketing & Advertising - Engineering
423,20230622,6006,2,CC-200,6979.15,Expense,Travel & Entertainment - Marketing
424,20230603,6006,5,CC-500,6757.08,Expense,Travel & Entertainment - Human Resources
425,20230617,6006,7,CC-400,6615.06,Expense,Travel & Entertainment - Customer Support
426,20230610,6006,6,CC-300,5904.57,Expense,Travel & Entertainment - Operations
427,20230607,6007,4,CC-400,20633.68,Expense,Professional Services - Finance
428,20230605,6007,6,CC-200,15585.8,Expense,Professional Services - Operations
429,20230627,6008,5,CC-500,22569.21,Expense,Software & Technology - Human Resources
430,20230602,6008,2,CC-500,24647.8,Expense,Software & Technology - Marketing
431,20230626,6009,6,CC-500,4756.94,Expense,Depreciation - Operations
432,20230602,6009,3,CC-400,6385.84,Expense,Depreciation - Engineering
433,20230615,6009,7,CC-200,5303.89,Expense,Depreciation - Customer Support
434,20230608,6009,2,CC-400,5743.31,Expense,Depreciation - Marketing
435,20230615,6010,4,CC-500,3949.23,Expense,Insurance - Finance
436,20230625,6010,5,CC-300,4431.02,Expense,Insurance - Human Resources
437,20230614,6010,8,CC-500,4287.37,Expense,Insurance - Research & Development
438,20230626,6010,7,CC-200,5339.28,Expense,Insurance - Customer Support
439,20230618,6011,3,CC-300,1984.47,Expense,Office Supplies - Engineering
440,20230628,6011,5,CC-500,2347.43,Expense,Office Supplies - Human Resources
441,20230625,6011,1,CC-100,1699.74,Expense,Office Supplies - Sales
442,20230617,6011,6,CC-400,1728.25,Expense,Office Supplies - Operations
443,20230627,6012,7,CC-200,8839.24,Expense,Training & Development - Customer Support
444,20230601,6012,2,CC-300,7353.38,Expense,Training & Development - Marketing
445,20230612,7001,1,CC-100,19376.74,Expense,Income Tax - Sales
446,20230604,7001,7,CC-300,19279.34,Expense,Income Tax - Customer Support
447,20230626,7001,6,CC-300,24606.19,Expense,Income Tax - Operations
448,20230710,4001,1,CC-100,98543.08,Revenue,Product Sales - Sales
449,20230723,4001,2,CC-400,124055.38,Revenue,Product Sales - Marketing
450,20230715,4001,9,CC-400,121201.48,Revenue,Product Sales - Sales - APAC
451,20230701,4001,10,CC-100,114065.14,Revenue,Product Sales - Sales - EMEA
452,20230718,4002,1,CC-200,63576.91,Revenue,Service Revenue - Sales
453,20230717,4002,2,CC-500,77659.85,Revenue,Service Revenue - Marketing
454,20230708,4002,9,CC-300,67020.58,Revenue,Service Revenue - Sales - APAC
455,20230708,4002,10,CC-100,64507.69,Revenue,Service Revenue - Sales - EMEA
456,20230715,4003,1,CC-500,43039.29,Revenue,Subscription Revenue - Sales
457,20230720,4003,2,CC-400,38315.94,Revenue,Subscription Revenue - Marketing
458,20230719,4003,9,CC-500,44576.99,Revenue,Subscription Revenue - Sales - APAC
459,20230710,4003,10,CC-200,40685.84,Revenue,Subscription Revenue - Sales - EMEA
460,20230712,4004,1,CC-500,28775.89,Revenue,Consulting Revenue - Sales
461,20230706,4004,2,CC-400,27111.78,Revenue,Consulting Revenue - Marketing
462,20230717,4004,9,CC-100,30849.75,Revenue,Consulting Revenue - Sales - APAC
463,20230717,4004,10,CC-100,33586.45,Revenue,Consulting Revenue - Sales - EMEA
464,20230718,4005,1,CC-500,23582.8,Revenue,License Revenue - Sales
465,20230702,4005,2,CC-400,19925.73,Revenue,License Revenue - Marketing
466,20230709,4005,9,CC-300,24222.32,Revenue,License Revenue - Sales - APAC
467,20230726,4005,10,CC-300,25001.89,Revenue,License Revenue - Sales - EMEA
468,20230724,4010,1,CC-200,3198.23,Revenue,Interest Income - Sales
469,20230725,4010,2,CC-100,3848.21,Revenue,Interest Income - Marketing
470,20230705,4010,9,CC-300,3765.3,Revenue,Interest Income - Sales - APAC
471,20230711,4010,10,CC-500,3172.63,Revenue,Interest Income - Sales - EMEA
472,20230703,5001,3,CC-200,39281.0,Expense,Cost of Goods Sold - Engineering
473,20230702,5001,8,CC-400,48888.81,Expense,Cost of Goods Sold - Research & Development
474,20230726,5001,9,CC-100,41281.97,Expense,Cost of Goods Sold - Sales - APAC
475,20230711,5001,6,CC-100,39590.46,Expense,Cost of Goods Sold - Operations
476,20230710,5002,9,CC-200,28541.97,Expense,Direct Labor - Sales - APAC
477,20230728,5002,7,CC-100,29855.01,Expense,Direct Labor - Customer Support
478,20230704,5002,8,CC-300,33639.26,Expense,Direct Labor - Research & Development
479,20230711,5003,7,CC-400,17367.82,Expense,Manufacturing Overhead - Customer Support
480,20230723,5003,10,CC-400,17842.34,Expense,Manufacturing Overhead - Sales - EMEA
481,20230709,5003,8,CC-500,14985.14,Expense,Manufacturing Overhead - Research & Development
482,20230718,6001,7,CC-200,155558.86,Expense,Salaries & Wages - Customer Support
483,20230703,6001,2,CC-100,146801.05,Expense,Salaries & Wages - Marketing
484,20230706,6002,5,CC-400,29496.38,Expense,Employee Benefits - Human Resources
485,20230715,6002,10,CC-300,30484.0,Expense,Employee Benefits - Sales - EMEA
486,20230720,6002,8,CC-300,23146.69,Expense,Employee Benefits - Research & Development
487,20230712,6003,5,CC-400,19588.68,Expense,Rent & Facilities - Human Resources
488,20230701,6003,1,CC-200,18429.3,Expense,Rent & Facilities - Sales
489,20230722,6003,2,CC-500,15713.72,Expense,Rent & Facilities - Marketing
490,20230712,6004,1,CC-300,3577.59,Expense,Utilities - Sales
491,20230702,6004,3,CC-500,3812.57,Expense,Utilities - Engineering
492,20230712,6004,2,CC-400,4168.15,Expense,Utilities - Marketing
493,20230711,6005,8,CC-400,25294.6,Expense,Marketing & Advertising - Research & Development
494,20230704,6005,2,CC-200,26495.61,Expense,Marketing & Advertising - Marketing
495,20230716,6005,3,CC-200,20259.13,Expense,Marketing & Advertising - Engineering
496,20230707,6006,7,CC-400,6937.41,Expense,Travel & Entertainment - Customer Support
497,20230723,6006,9,CC-300,7490.91,Expense,Travel & Entertainment - Sales - APAC
498,20230707,6006,2,CC-400,7291.2,Expense,Travel & Entertainment - Marketing
499,20230715,6006,3,CC-100,5306.59,Expense,Travel & Entertainment - Engineering
500,20230722,6007,8,CC-300,19673.59,Expense,Professional Services - Research & Development
501,20230718,6007,2,CC-100,16431.98,Expense,Professional Services - Marketing
502,20230726,6008,5,CC-200,12193.04,Expense,Software & Technology - Human Resources
503,20230704,6008,10,CC-200,10626.71,Expense,Software & Technology - Sales - EMEA
504,20230708,6008,3,CC-200,13433.1,Expense,Software & Technology - Engineering
505,20230712,6008,6,CC-100,12556.68,Expense,Software & Technology - Operations
506,20230720,6009,10,CC-200,6562.63,Expense,Depreciation - Sales - EMEA
507,20230710,6009,6,CC-100,6345.34,Expense,Depreciation - Operations
508,20230717,6009,8,CC-400,5275.95,Expense,Depreciation - Research & Development
509,20230727,6009,7,CC-400,5303.75,Expense,Depreciation - Customer Support
510,20230722,6010,2,CC-400,3733.5,Expense,Insurance - Marketing
511,20230727,6010,3,CC-200,4531.25,Expense,Insurance - Engineering
512,20230706,6010,6,CC-500,5004.47,Expense,Insurance - Operations
513,20230714,6010,8,CC-200,4982.01,Expense,Insurance - Research & Development
514,20230723,6011,1,CC-300,1731.73,Expense,Office Supplies - Sales
515,20230710,6011,2,CC-500,1780.38,Expense,Office Supplies - Marketing
516,20230707,6011,3,CC-300,2276.75,Expense,Office Supplies - Engineering
517,20230709,6011,8,CC-500,2108.05,Expense,Office Supplies - Research & Development
518,20230719,6012,5,CC-200,6280.29,Expense,Training & Development - Human Resources
519,20230706,6012,9,CC-200,8824.82,Expense,Training & Development - Sales - APAC
520,20230702,7001,10,CC-100,18614.58,Expense,Income Tax - Sales - EMEA
521,20230709,7001,6,CC-500,19165.55,Expense,Income Tax - Operations
522,20230714,7001,1,CC-500,17232.34,Expense,Income Tax - Sales
523,20230716,7001,7,CC-100,17017.7,Expense,Income Tax - Customer Support
524,20230810,4001,1,CC-500,115578.35,Revenue,Product Sales - Sales
525,20230816,4001,2,CC-300,107906.22,Revenue,Product Sales - Marketing
526,20230810,4001,9,CC-400,95578.46,Revenue,Product Sales - Sales - APAC
527,20230806,4001,10,CC-100,102057.55,Revenue,Product Sales - Sales - EMEA
528,20230815,4002,1,CC-400,63233.18,Revenue,Service Revenue - Sales
529,20230805,4002,2,CC-500,58681.72,Revenue,Service Revenue - Marketing
530,20230824,4002,9,CC-300,60779.09,Revenue,Service Revenue - Sales - APAC
531,20230813,4002,10,CC-300,73828.61,Revenue,Service Revenue - Sales - EMEA
532,20230817,4003,1,CC-300,36814.12,Revenue,Subscription Revenue - Sales
533,20230808,4003,2,CC-300,42165.71,Revenue,Subscription Revenue - Marketing
534,20230815,4003,9,CC-300,40983.59,Revenue,Subscription Revenue - Sales - APAC
535,20230802,4003,10,CC-100,38269.15,Revenue,Subscription Revenue - Sales - EMEA
536,20230828,4004,1,CC-400,25862.96,Revenue,Consulting Revenue - Sales
537,20230828,4004,2,CC-200,28555.33,Revenue,Consulting Revenue - Marketing
538,20230819,4004,9,CC-300,30931.13,Revenue,Consulting Revenue - Sales - APAC
539,20230825,4004,10,CC-200,29430.94,Revenue,Consulting Revenue - Sales - EMEA
540,20230815,4005,1,CC-500,19616.99,Revenue,License Revenue - Sales
541,20230816,4005,2,CC-300,21841.87,Revenue,License Revenue - Marketing
542,20230817,4005,9,CC-400,18724.42,Revenue,License Revenue - Sales - APAC
543,20230807,4005,10,CC-200,21569.65,Revenue,License Revenue - Sales - EMEA
544,20230802,4010,1,CC-100,3536.26,Revenue,Interest Income - Sales
545,20230827,4010,2,CC-500,3223.7,Revenue,Interest Income - Marketing
546,20230810,4010,9,CC-400,3609.66,Revenue,Interest Income - Sales - APAC
547,20230814,4010,10,CC-100,3487.97,Revenue,Interest Income - Sales - EMEA
548,20230802,5001,5,CC-300,99498.84,Expense,Cost of Goods Sold - Human Resources
549,20230818,5001,6,CC-500,86420.94,Expense,Cost of Goods Sold - Operations
550,20230817,5002,6,CC-400,43483.43,Expense,Direct Labor - Operations
551,20230809,5002,9,CC-500,46556.73,Expense,Direct Labor - Sales - APAC
552,20230818,5003,10,CC-300,10772.57,Expense,Manufacturing Overhead - Sales - EMEA
553,20230807,5003,2,CC-200,13225.27,Expense,Manufacturing Overhead - Marketing
554,20230817,5003,3,CC-400,11711.08,Expense,Manufacturing Overhead - Engineering
555,20230805,5003,1,CC-100,9181.15,Expense,Manufacturing Overhead - Sales
556,20230805,6001,6,CC-500,83400.34,Expense,Salaries & Wages - Operations
557,20230811,6001,8,CC-500,74494.91,Expense,Salaries & Wages - Research & Development
558,20230824,6001,9,CC-500,69200.07,Expense,Salaries & Wages - Sales - APAC
559,20230811,6001,2,CC-500,90963.26,Expense,Salaries & Wages - Marketing
560,20230827,6002,9,CC-400,21784.86,Expense,Employee Benefits - Sales - APAC
561,20230822,6002,10,CC-300,17141.41,Expense,Employee Benefits - Sales - EMEA
562,20230819,6002,8,CC-400,17931.64,Expense,Employee Benefits - Research & Development
563,20230820,6002,6,CC-100,19615.26,Expense,Employee Benefits - Operations
564,20230817,6003,5,CC-200,18945.84,Expense,Rent & Facilities - Human Resources
565,20230825,6003,4,CC-500,19279.52,Expense,Rent & Facilities - Finance
566,20230827,6003,1,CC-200,20835.23,Expense,Rent & Facilities - Sales
567,20230814,6004,4,CC-300,2422.72,Expense,Utilities - Finance
568,20230814,6004,1,CC-200,2581.72,Expense,Utilities - Sales
569,20230816,6004,2,CC-500,3002.18,Expense,Utilities - Marketing
570,20230823,6004,8,CC-100,3447.38,Expense,Utilities - Research & Development
571,20230817,6005,9,CC-400,38413.3,Expense,Marketing & Advertising - Sales - APAC
572,20230815,6005,4,CC-200,35652.37,Expense,Marketing & Advertising - Finance
573,20230820,6006,6,CC-300,6929.97,Expense,Travel & Entertainment - Operations
574,20230809,6006,9,CC-200,6210.45,Expense,Travel & Entertainment - Sales - APAC
575,20230810,6006,10,CC-200,6395.22,Expense,Travel & Entertainment - Sales - EMEA
576,20230823,6006,8,CC-200,6927.94,Expense,Travel & Entertainment - Research & Development
577,20230810,6007,8,CC-300,8961.71,Expense,Professional Services - Research & Development
578,20230813,6007,6,CC-500,7426.56,Expense,Professional Services - Operations
579,20230827,6007,10,CC-400,10135.16,Expense,Professional Services - Sales - EMEA
580,20230810,6007,3,CC-200,8207.97,Expense,Professional Services - Engineering
581,20230821,6008,5,CC-400,21117.27,Expense,Software & Technology - Human Resources
582,20230807,6008,2,CC-400,20308.0,Expense,Software & Technology - Marketing
583,20230805,6009,9,CC-300,12905.31,Expense,Depreciation - Sales - APAC
584,20230808,6009,5,CC-500,9280.6,Expense,Depreciation - Human Resources
585,20230802,6010,1,CC-200,8012.42,Expense,Insurance - Sales
586,20230823,6010,9,CC-300,7560.71,Expense,Insurance - Sales - APAC
587,20230814,6011,2,CC-200,3162.15,Expense,Office Supplies - Marketing
588,20230816,6011,3,CC-400,2829.75,Expense,Office Supplies - Engineering
589,20230811,6011,1,CC-300,2827.24,Expense,Office Supplies - Sales
590,20230806,6012,1,CC-100,5070.3,Expense,Training & Development - Sales
591,20230802,6012,2,CC-200,4835.77,Expense,Training & Development - Marketing
592,20230826,6012,4,CC-400,5994.34,Expense,Training & Development - Finance
593,20230820,7001,3,CC-500,17413.65,Expense,Income Tax - Engineering
594,20230810,7001,5,CC-300,18263.27,Expense,Income Tax - Human Resources
595,20230817,7001,1,CC-500,21271.03,Expense,Income Tax - Sales
596,20230928,4001,1,CC-200,117909.27,Revenue,Product Sales - Sales
597,20230907,4001,2,CC-300,118274.29,Revenue,Product Sales - Marketing
598,20230906,4001,9,CC-300,129068.59,Revenue,Product Sales - Sales - APAC
599,20230923,4001,10,CC-300,126315.29,Revenue,Product Sales - Sales - EMEA
600,20230926,4002,1,CC-300,66580.69,Revenue,Service Revenue - Sales
601,20230906,4002,2,CC-200,68980.28,Revenue,Service Revenue - Marketing
602,20230927,4002,9,CC-400,75946.55,Revenue,Service Revenue - Sales - APAC
603,20230903,4002,10,CC-300,71905.86,Revenue,Service Revenue - Sales - EMEA
604,20230906,4003,1,CC-100,45844.31,Revenue,Subscription Revenue - Sales
605,20230911,4003,2,CC-400,54077.89,Revenue,Subscription Revenue - Marketing
606,20230909,4003,9,CC-100,53427.82,Revenue,Subscription Revenue - Sales - APAC
607,20230925,4003,10,CC-400,45599.67,Revenue,Subscription Revenue - Sales - EMEA
608,20230910,4004,1,CC-300,29298.1,Revenue,Consulting Revenue - Sales
609,20230901,4004,2,CC-500,32279.25,Revenue,Consulting Revenue - Marketing
610,20230923,4004,9,CC-300,29246.68,Revenue,Consulting Revenue - Sales - APAC
611,20230915,4004,10,CC-100,29008.06,Revenue,Consulting Revenue - Sales - EMEA
612,20230922,4005,1,CC-400,23492.17,Revenue,License Revenue - Sales
613,20230923,4005,2,CC-300,24956.36,Revenue,License Revenue - Marketing
614,20230912,4005,9,CC-300,22075.29,Revenue,License Revenue - Sales - APAC
615,20230905,4005,10,CC-200,25795.04,Revenue,License Revenue - Sales - EMEA
616,20230924,4010,1,CC-400,3911.73,Revenue,Interest Income - Sales
617,20230914,4010,2,CC-300,4514.94,Revenue,Interest Income - Marketing
618,20230925,4010,9,CC-400,4176.04,Revenue,Interest Income - Sales - APAC
619,20230925,4010,10,CC-200,3981.82,Revenue,Interest Income - Sales - EMEA
620,20230923,5001,10,CC-500,90918.24,Expense,Cost of Goods Sold - Sales - EMEA
621,20230904,5001,2,CC-500,85024.26,Expense,Cost of Goods Sold - Marketing
622,20230905,5002,9,CC-500,41840.98,Expense,Direct Labor - Sales - APAC
623,20230915,5002,10,CC-500,41126.21,Expense,Direct Labor - Sales - EMEA
624,20230915,5003,4,CC-500,18818.47,Expense,Manufacturing Overhead - Finance
625,20230905,5003,8,CC-400,25278.23,Expense,Manufacturing Overhead - Research & Development
626,20230924,6001,7,CC-300,78796.11,Expense,Salaries & Wages - Customer Support
627,20230927,6001,8,CC-300,64696.65,Expense,Salaries & Wages - Research & Development
628,20230919,6001,1,CC-200,64096.5,Expense,Salaries & Wages - Sales
629,20230912,6001,5,CC-400,66336.94,Expense,Salaries & Wages - Human Resources
630,20230902,6002,2,CC-400,25382.17,Expense,Employee Benefits - Marketing
631,20230925,6002,9,CC-200,19440.27,Expense,Employee Benefits - Sales - APAC
632,20230912,6002,1,CC-400,18151.15,Expense,Employee Benefits - Sales
633,20230915,6002,8,CC-400,25439.28,Expense,Employee Benefits - Research & Development
634,20230904,6003,7,CC-300,19459.25,Expense,Rent & Facilities - Customer Support
635,20230913,6003,2,CC-500,15975.47,Expense,Rent & Facilities - Marketing
636,20230927,6003,3,CC-200,18544.85,Expense,Rent & Facilities - Engineering
637,20230914,6004,1,CC-500,5911.21,Expense,Utilities - Sales
638,20230908,6004,5,CC-200,6076.64,Expense,Utilities - Human Resources
639,20230902,6005,6,CC-100,21884.8,Expense,Marketing & Advertising - Operations
640,20230920,6005,3,CC-400,28094.78,Expense,Marketing & Advertising - Engineering
641,20230908,6005,5,CC-100,27660.53,Expense,Marketing & Advertising - Human Resources
642,20230920,6006,2,CC-400,12969.72,Expense,Travel & Entertainment - Marketing
643,20230908,6006,10,CC-100,13360.12,Expense,Travel & Entertainment - Sales - EMEA
644,20230905,6007,1,CC-100,8889.16,Expense,Professional Services - Sales
645,20230908,6007,7,CC-300,8763.64,Expense,Professional Services - Customer Support
646,20230911,6007,8,CC-500,9855.25,Expense,Professional Services - Research & Development
647,20230908,6007,2,CC-300,9021.16,Expense,Professional Services - Marketing
648,20230902,6008,3,CC-300,14481.36,Expense,Software & Technology - Engineering
649,20230924,6008,9,CC-500,15340.31,Expense,Software & Technology - Sales - APAC
650,20230918,6008,4,CC-400,17469.47,Expense,Software & Technology - Finance
651,20230923,6009,1,CC-300,8171.69,Expense,Depreciation - Sales
652,20230910,6009,6,CC-200,7087.89,Expense,Depreciation - Operations
653,20230916,6009,7,CC-500,6970.95,Expense,Depreciation - Customer Support
654,20230926,6010,4,CC-200,10287.15,Expense,Insurance - Finance
655,20230918,6010,5,CC-100,8866.89,Expense,Insurance - Human Resources
656,20230907,6011,7,CC-300,2547.65,Expense,Office Supplies - Customer Support
657,20230915,6011,9,CC-100,2485.61,Expense,Office Supplies - Sales - APAC
658,20230918,6011,3,CC-100,3036.94,Expense,Office Supplies - Engineering
659,20230902,6012,4,CC-500,4010.51,Expense,Training & Development - Finance
660,20230926,6012,1,CC-200,4310.43,Expense,Training & Development - Sales
661,20230907,6012,5,CC-500,4142.54,Expense,Training & Development - Human Resources
662,20230910,6012,10,CC-300,3719.09,Expense,Training & Development - Sales - EMEA
663,20230924,7001,4,CC-100,38507.01,Expense,Income Tax - Finance
664,20230908,7001,10,CC-400,38994.44,Expense,Income Tax - Sales - EMEA
665,20231013,4001,1,CC-200,131012.63,Revenue,Product Sales - Sales
666,20231011,4001,2,CC-500,139161.57,Revenue,Product Sales - Marketing
667,20231015,4001,9,CC-400,133978.45,Revenue,Product Sales - Sales - APAC
668,20231010,4001,10,CC-300,124999.26,Revenue,Product Sales - Sales - EMEA
669,20231016,4002,1,CC-500,71492.07,Revenue,Service Revenue - Sales
670,20231025,4002,2,CC-400,76214.69,Revenue,Service Revenue - Marketing
671,20231012,4002,9,CC-200,84847.79,Revenue,Service Revenue - Sales - APAC
672,20231019,4002,10,CC-100,72678.5,Revenue,Service Revenue - Sales - EMEA
673,20231001,4003,1,CC-200,54906.66,Revenue,Subscription Revenue - Sales
674,20231019,4003,2,CC-500,45947.5,Revenue,Subscription Revenue - Marketing
675,20231005,4003,9,CC-300,52767.18,Revenue,Subscription Revenue - Sales - APAC
676,20231013,4003,10,CC-200,44988.45,Revenue,Subscription Revenue - Sales - EMEA
677,20231016,4004,1,CC-200,33690.92,Revenue,Consulting Revenue - Sales
678,20231009,4004,2,CC-300,33501.36,Revenue,Consulting Revenue - Marketing
679,20231024,4004,9,CC-400,35607.27,Revenue,Consulting Revenue - Sales - APAC
680,20231015,4004,10,CC-400,34402.78,Revenue,Consulting Revenue - Sales - EMEA
681,20231006,4005,1,CC-300,23524.78,Revenue,License Revenue - Sales
682,20231016,4005,2,CC-500,23303.17,Revenue,License Revenue - Marketing
683,20231021,4005,9,CC-500,23648.72,Revenue,License Revenue - Sales - APAC
684,20231002,4005,10,CC-500,29708.59,Revenue,License Revenue - Sales - EMEA
685,20231027,4010,1,CC-100,4544.6,Revenue,Interest Income - Sales
686,20231014,4010,2,CC-100,4333.17,Revenue,Interest Income - Marketing
687,20231003,4010,9,CC-200,3676.4,Revenue,Interest Income - Sales - APAC
688,20231007,4010,10,CC-100,4381.37,Revenue,Interest Income - Sales - EMEA
689,20231016,5001,8,CC-500,47479.11,Expense,Cost of Goods Sold - Research & Development
690,20231001,5001,6,CC-100,47867.12,Expense,Cost of Goods Sold - Operations
691,20231001,5001,1,CC-400,45579.82,Expense,Cost of Goods Sold - Sales
692,20231018,5001,5,CC-300,36301.07,Expense,Cost of Goods Sold - Human Resources
693,20231004,5002,1,CC-200,35544.79,Expense,Direct Labor - Sales
694,20231005,5002,9,CC-500,36961.95,Expense,Direct Labor - Sales - APAC
695,20231017,5002,7,CC-500,28385.61,Expense,Direct Labor - Customer Support
696,20231015,5003,6,CC-400,12474.12,Expense,Manufacturing Overhead - Operations
697,20231010,5003,5,CC-200,15390.01,Expense,Manufacturing Overhead - Human Resources
698,20231021,5003,7,CC-100,16104.25,Expense,Manufacturing Overhead - Customer Support
699,20231002,6001,1,CC-400,76069.43,Expense,Salaries & Wages - Sales
700,20231003,6001,2,CC-200,84375.94,Expense,Salaries & Wages - Marketing
701,20231021,6001,7,CC-400,79995.47,Expense,Salaries & Wages - Customer Support
702,20231028,6001,4,CC-500,89100.04,Expense,Salaries & Wages - Finance
703,20231016,6002,9,CC-500,37906.03,Expense,Employee Benefits - Sales - APAC
704,20231022,6002,1,CC-100,38608.62,Expense,Employee Benefits - Sales
705,20231001,6003,9,CC-300,21477.62,Expense,Rent & Facilities - Sales - APAC
706,20231005,6003,1,CC-500,21717.44,Expense,Rent & Facilities - Sales
707,20231003,6003,3,CC-400,20183.2,Expense,Rent & Facilities - Engineering
708,20231011,6004,3,CC-500,4283.26,Expense,Utilities - Engineering
709,20231026,6004,4,CC-200,3814.15,Expense,Utilities - Finance
710,20231017,6004,7,CC-100,4781.56,Expense,Utilities - Customer Support
711,20231011,6005,6,CC-100,16741.08,Expense,Marketing & Advertising - Operations
712,20231020,6005,1,CC-500,19538.77,Expense,Marketing & Advertising - Sales
713,20231001,6005,2,CC-300,17975.27,Expense,Marketing & Advertising - Marketing
714,20231016,6005,4,CC-400,19755.92,Expense,Marketing & Advertising - Finance
715,20231006,6006,6,CC-400,14705.71,Expense,Travel & Entertainment - Operations
716,20231003,6006,9,CC-400,13398.47,Expense,Travel & Entertainment - Sales - APAC
717,20231023,6007,5,CC-400,7937.9,Expense,Professional Services - Human Resources
718,20231024,6007,4,CC-200,9743.62,Expense,Professional Services - Finance
719,20231004,6007,2,CC-300,8363.68,Expense,Professional Services - Marketing
720,20231015,6007,1,CC-300,7320.32,Expense,Professional Services - Sales
721,20231015,6008,5,CC-400,12523.78,Expense,Software & Technology - Human Resources
722,20231014,6008,2,CC-500,15341.91,Expense,Software & Technology - Marketing
723,20231012,6008,3,CC-100,12619.76,Expense,Software & Technology - Engineering
724,20231025,6009,2,CC-400,5042.06,Expense,Depreciation - Marketing
725,20231008,6009,6,CC-500,4586.34,Expense,Depreciation - Operations
726,20231022,6009,7,CC-200,5658.31,Expense,Depreciation - Customer Support
727,20231009,6009,1,CC-200,5237.61,Expense,Depreciation - Sales
728,20231009,6010,5,CC-400,4951.84,Expense,Insurance - Human Resources
729,20231026,6010,8,CC-400,5810.65,Expense,Insurance - Research & Development
730,20231008,6010,3,CC-300,4984.61,Expense,Insurance - Engineering
731,20231013,6011,8,CC-100,1708.39,Expense,Office Supplies - Research & Development
732,20231013,6011,4,CC-500,1865.77,Expense,Office Supplies - Finance
733,20231015,6011,10,CC-300,2243.26,Expense,Office Supplies - Sales - EMEA
734,20231005,6011,1,CC-500,1867.79,Expense,Office Supplies - Sales
735,20231011,6012,6,CC-400,4628.37,Expense,Training & Development - Operations
736,20231019,6012,4,CC-400,4582.9,Expense,Training & Development - Finance
737,20231013,6012,8,CC-300,5563.95,Expense,Training & Development - Research & Development
738,20231019,7001,7,CC-200,25411.25,Expense,Income Tax - Customer Support
739,20231022,7001,6,CC-200,25976.3,Expense,Income Tax - Operations
740,20231024,7001,2,CC-100,23986.02,Expense,Income Tax - Marketing
741,20231115,4001,1,CC-200,133445.7,Revenue,Product Sales - Sales
742,20231127,4001,2,CC-100,147056.26,Revenue,Product Sales - Marketing
743,20231122,4001,9,CC-400,149085.41,Revenue,Product Sales - Sales - APAC
744,20231108,4001,10,CC-300,134971.78,Revenue,Product Sales - Sales - EMEA
745,20231123,4002,1,CC-200,77767.58,Revenue,Service Revenue - Sales
746,20231103,4002,2,CC-400,82062.82,Revenue,Service Revenue - Marketing
747,20231116,4002,9,CC-500,82716.48,Revenue,Service Revenue - Sales - APAC
748,20231117,4002,10,CC-500,86072.55,Revenue,Service Revenue - Sales - EMEA
749,20231118,4003,1,CC-400,60860.63,Revenue,Subscription Revenue - Sales
750,20231123,4003,2,CC-300,46495.6,Revenue,Subscription Revenue - Marketing
751,20231120,4003,9,CC-500,60407.12,Revenue,Subscription Revenue - Sales - APAC
752,20231104,4003,10,CC-100,56238.52,Revenue,Subscription Revenue - Sales - EMEA
753,20231106,4004,1,CC-300,38904.7,Revenue,Consulting Revenue - Sales
754,20231119,4004,2,CC-100,37587.6,Revenue,Consulting Revenue - Marketing
755,20231125,4004,9,CC-400,41222.97,Revenue,Consulting Revenue - Sales - APAC
756,20231104,4004,10,CC-400,34181.24,Revenue,Consulting Revenue - Sales - EMEA
757,20231108,4005,1,CC-300,24315.18,Revenue,License Revenue - Sales
758,20231118,4005,2,CC-500,28591.28,Revenue,License Revenue - Marketing
759,20231108,4005,9,CC-500,29188.43,Revenue,License Revenue - Sales - APAC
760,20231115,4005,10,CC-400,28036.41,Revenue,License Revenue - Sales - EMEA
761,20231123,4010,1,CC-500,4867.66,Revenue,Interest Income - Sales
762,20231101,4010,2,CC-300,4500.63,Revenue,Interest Income - Marketing
763,20231114,4010,9,CC-300,4476.74,Revenue,Interest Income - Sales - APAC
764,20231104,4010,10,CC-100,5067.74,Revenue,Interest Income - Sales - EMEA
765,20231117,5001,3,CC-200,44195.99,Expense,Cost of Goods Sold - Engineering
766,20231104,5001,6,CC-400,44692.67,Expense,Cost of Goods Sold - Operations
767,20231111,5001,5,CC-400,43886.99,Expense,Cost of Goods Sold - Human Resources
768,20231126,5001,10,CC-100,37209.14,Expense,Cost of Goods Sold - Sales - EMEA
769,20231124,5002,2,CC-200,20038.95,Expense,Direct Labor - Marketing
770,20231118,5002,1,CC-200,21317.17,Expense,Direct Labor - Sales
771,20231114,5002,6,CC-500,20521.29,Expense,Direct Labor - Operations
772,20231126,5002,8,CC-200,28105.39,Expense,Direct Labor - Research & Development
773,20231107,5003,3,CC-500,14373.49,Expense,Manufacturing Overhead - Engineering
774,20231113,5003,10,CC-400,14697.45,Expense,Manufacturing Overhead - Sales - EMEA
775,20231107,5003,7,CC-200,12026.7,Expense,Manufacturing Overhead - Customer Support
776,20231115,6001,2,CC-200,100940.5,Expense,Salaries & Wages - Marketing
777,20231117,6001,10,CC-400,90195.41,Expense,Salaries & Wages - Sales - EMEA
778,20231120,6001,3,CC-300,126545.77,Expense,Salaries & Wages - Engineering
779,20231120,6002,10,CC-400,26609.81,Expense,Employee Benefits - Sales - EMEA
780,20231120,6002,7,CC-300,24621.98,Expense,Employee Benefits - Customer Support
781,20231111,6002,2,CC-200,29355.24,Expense,Employee Benefits - Marketing
782,20231123,6003,4,CC-300,23286.44,Expense,Rent & Facilities - Finance
783,20231114,6003,5,CC-400,23554.94,Expense,Rent & Facilities - Human Resources
784,20231123,6004,3,CC-500,2984.0,Expense,Utilities - Engineering
785,20231118,6004,7,CC-200,3502.99,Expense,Utilities - Customer Support
786,20231105,6004,9,CC-300,2600.24,Expense,Utilities - Sales - APAC
787,20231120,6004,2,CC-400,2624.52,Expense,Utilities - Marketing
788,20231127,6005,6,CC-200,37269.13,Expense,Marketing & Advertising - Operations
789,20231117,6005,1,CC-500,35759.16,Expense,Marketing & Advertising - Sales
790,20231116,6006,8,CC-400,6775.36,Expense,Travel & Entertainment - Research & Development
791,20231101,6006,7,CC-500,5418.13,Expense,Travel & Entertainment - Customer Support
792,20231110,6006,10,CC-200,6989.7,Expense,Travel & Entertainment - Sales - EMEA
793,20231118,6006,4,CC-200,5081.74,Expense,Travel & Entertainment - Finance
794,20231119,6007,3,CC-100,11898.72,Expense,Professional Services - Engineering
795,20231127,6007,8,CC-500,9866.3,Expense,Professional Services - Research & Development
796,20231127,6007,9,CC-500,13957.5,Expense,Professional Services - Sales - APAC
797,20231104,6008,8,CC-400,19966.88,Expense,Software & Technology - Research & Development
798,20231110,6008,9,CC-200,24623.9,Expense,Software & Technology - Sales - APAC
799,20231115,6009,8,CC-100,10333.74,Expense,Depreciation - Research & Development
800,20231125,6009,5,CC-100,12607.28,Expense,Depreciation - Human Resources
801,20231121,6010,4,CC-500,10299.78,Expense,Insurance - Finance
802,20231105,6010,6,CC-500,8741.4,Expense,Insurance - Operations
803,20231109,6011,4,CC-500,4112.12,Expense,Office Supplies - Finance
804,20231111,6011,1,CC-200,4154.97,Expense,Office Supplies - Sales
805,20231105,6012,5,CC-100,3771.62,Expense,Training & Development - Human Resources
806,20231102,6012,10,CC-400,4444.16,Expense,Training & Development - Sales - EMEA
807,20231123,6012,9,CC-200,4488.73,Expense,Training & Development - Sales - APAC
808,20231105,6012,7,CC-200,4299.12,Expense,Training & Development - Customer Support
809,20231121,7001,6,CC-300,13924.12,Expense,Income Tax - Operations
810,20231103,7001,4,CC-400,15692.46,Expense,Income Tax - Finance
811,20231113,7001,7,CC-100,17118.58,Expense,Income Tax - Customer Support
812,20231123,7001,9,CC-300,16351.49,Expense,Income Tax - Sales - APAC
813,20231215,4001,1,CC-300,165394.25,Revenue,Product Sales - Sales
814,20231219,4001,2,CC-300,166004.9,Revenue,Product Sales - Marketing
815,20231224,4001,9,CC-100,124421.01,Revenue,Product Sales - Sales - APAC
816,20231228,4001,10,CC-300,166965.59,Revenue,Product Sales - Sales - EMEA
817,20231213,4002,1,CC-500,79078.93,Revenue,Service Revenue - Sales
818,20231227,4002,2,CC-400,83296.76,Revenue,Service Revenue - Marketing
819,20231211,4002,9,CC-300,83133.55,Revenue,Service Revenue - Sales - APAC
820,20231218,4002,10,CC-300,99963.78,Revenue,Service Revenue - Sales - EMEA
821,20231228,4003,1,CC-500,59867.74,Revenue,Subscription Revenue - Sales
822,20231222,4003,2,CC-300,58242.68,Revenue,Subscription Revenue - Marketing
823,20231204,4003,9,CC-100,63102.56,Revenue,Subscription Revenue - Sales - APAC
824,20231201,4003,10,CC-400,60714.45,Revenue,Subscription Revenue - Sales - EMEA
825,20231215,4004,1,CC-200,34603.57,Revenue,Consulting Revenue - Sales
826,20231207,4004,2,CC-400,38491.26,Revenue,Consulting Revenue - Marketing
827,20231221,4004,9,CC-200,44799.62,Revenue,Consulting Revenue - Sales - APAC
828,20231203,4004,10,CC-300,36681.83,Revenue,Consulting Revenue - Sales - EMEA
829,20231203,4005,1,CC-300,32306.87,Revenue,License Revenue - Sales
830,20231202,4005,2,CC-200,29687.95,Revenue,License Revenue - Marketing
831,20231224,4005,9,CC-300,29914.86,Revenue,License Revenue - Sales - APAC
832,20231214,4005,10,CC-200,32722.33,Revenue,License Revenue - Sales - EMEA
833,20231201,4010,1,CC-100,5102.4,Revenue,Interest Income - Sales
834,20231205,4010,2,CC-100,4455.88,Revenue,Interest Income - Marketing
835,20231222,4010,9,CC-500,5012.01,Revenue,Interest Income - Sales - APAC
836,20231223,4010,10,CC-100,4794.66,Revenue,Interest Income - Sales - EMEA
837,20231213,5001,2,CC-200,59464.81,Expense,Cost of Goods Sold - Marketing
838,20231204,5001,7,CC-100,50143.95,Expense,Cost of Goods Sold - Customer Support
839,20231205,5001,3,CC-300,55520.44,Expense,Cost of Goods Sold - Engineering
840,20231220,5002,3,CC-100,32053.1,Expense,Direct Labor - Engineering
841,20231212,5002,10,CC-400,33566.92,Expense,Direct Labor - Sales - EMEA
842,20231214,5002,2,CC-200,34484.14,Expense,Direct Labor - Marketing
843,20231219,5003,8,CC-100,9630.06,Expense,Manufacturing Overhead - Research & Development
844,20231214,5003,4,CC-300,12285.04,Expense,Manufacturing Overhead - Finance
845,20231208,5003,2,CC-200,10415.27,Expense,Manufacturing Overhead - Marketing
846,20231208,5003,1,CC-100,10246.35,Expense,Manufacturing Overhead - Sales
847,20231207,6001,10,CC-300,91106.24,Expense,Salaries & Wages - Sales - EMEA
848,20231207,6001,5,CC-500,80567.97,Expense,Salaries & Wages - Human Resources
849,20231221,6001,1,CC-300,87931.0,Expense,Salaries & Wages - Sales
850,20231216,6001,7,CC-200,65746.21,Expense,Salaries & Wages - Customer Support
851,20231217,6002,2,CC-100,29898.27,Expense,Employee Benefits - Marketing
852,20231212,6002,4,CC-100,32738.88,Expense,Employee Benefits - Finance
853,20231213,6002,8,CC-200,33251.14,Expense,Employee Benefits - Research & Development
854,20231201,6003,7,CC-100,13590.58,Expense,Rent & Facilities - Customer Support
855,20231209,6003,6,CC-100,14230.5,Expense,Rent & Facilities - Operations
856,20231226,6003,3,CC-100,12186.59,Expense,Rent & Facilities - Engineering
857,20231221,6003,10,CC-300,13188.86,Expense,Rent & Facilities - Sales - EMEA
858,20231218,6004,9,CC-500,2882.73,Expense,Utilities - Sales - APAC
859,20231203,6004,7,CC-300,3139.26,Expense,Utilities - Customer Support
860,20231207,6004,10,CC-500,2771.89,Expense,Utilities - Sales - EMEA
861,20231218,6004,6,CC-200,3569.18,Expense,Utilities - Operations
862,20231202,6005,7,CC-200,26986.76,Expense,Marketing & Advertising - Customer Support
863,20231204,6005,2,CC-400,22444.8,Expense,Marketing & Advertising - Marketing
864,20231202,6005,5,CC-500,24533.72,Expense,Marketing & Advertising - Human Resources
865,20231206,6006,3,CC-100,9026.34,Expense,Travel & Entertainment - Engineering
866,20231217,6006,2,CC-300,8321.38,Expense,Travel & Entertainment - Marketing
867,20231206,6006,1,CC-300,8390.74,Expense,Travel & Entertainment - Sales
868,20231211,6007,3,CC-100,12933.34,Expense,Professional Services - Engineering
869,20231217,6007,5,CC-300,13099.84,Expense,Professional Services - Human Resources
870,20231221,6007,2,CC-500,9631.4,Expense,Professional Services - Marketing
871,20231216,6008,8,CC-100,22597.04,Expense,Software & Technology - Research & Development
872,20231212,6008,10,CC-200,25734.24,Expense,Software & Technology - Sales - EMEA
873,20231208,6009,5,CC-100,12734.78,Expense,Depreciation - Human Resources
874,20231202,6009,2,CC-100,12059.43,Expense,Depreciation - Marketing
875,20231205,6010,4,CC-400,8898.35,Expense,Insurance - Finance
876,20231218,6010,1,CC-100,7844.26,Expense,Insurance - Sales
877,20231209,6011,7,CC-300,1933.01,Expense,Office Supplies - Customer Support
878,20231212,6011,4,CC-500,2260.8,Expense,Office Supplies - Finance
879,20231206,6011,6,CC-100,1695.52,Expense,Office Supplies - Operations
880,20231202,6011,2,CC-500,1778.55,Expense,Office Supplies - Marketing
881,20231211,6012,2,CC-300,5547.05,Expense,Training & Development - Marketing
882,20231201,6012,8,CC-400,4172.77,Expense,Training & Development - Research & Development
883,20231219,6012,5,CC-300,4737.84,Expense,Training & Development - Human Resources
884,20231225,7001,10,CC-400,20525.04,Expense,Income Tax - Sales - EMEA
885,20231225,7001,4,CC-500,24057.68,Expense,Income Tax - Finance
886,20231201,7001,8,CC-200,24231.77,Expense,Income Tax - Research & Development
887,20240108,4001,1,CC-100,124233.81,Revenue,Product Sales - Sales
888,20240111,4001,2,CC-100,111339.35,Revenue,Product Sales - Marketing
889,20240128,4001,9,CC-400,93521.67,Revenue,Product Sales - Sales - APAC
890,20240104,4001,10,CC-300,117823.25,Revenue,Product Sales - Sales - EMEA
891,20240114,4002,1,CC-200,62373.38,Revenue,Service Revenue - Sales
892,20240105,4002,2,CC-100,68261.37,Revenue,Service Revenue - Marketing
893,20240102,4002,9,CC-100,72769.7,Revenue,Service Revenue - Sales - APAC
894,20240114,4002,10,CC-500,77072.71,Revenue,Service Revenue - Sales - EMEA
895,20240115,4003,1,CC-300,46637.93,Revenue,Subscription Revenue - Sales
896,20240119,4003,2,CC-100,50249.84,Revenue,Subscription Revenue - Marketing
897,20240121,4003,9,CC-200,38650.63,Revenue,Subscription Revenue - Sales - APAC
898,20240119,4003,10,CC-100,48209.81,Revenue,Subscription Revenue - Sales - EMEA
899,20240122,4004,1,CC-400,29921.65,Revenue,Consulting Revenue - Sales
900,20240110,4004,2,CC-200,33408.96,Revenue,Consulting Revenue - Marketing
901,20240126,4004,9,CC-300,27222.32,Revenue,Consulting Revenue - Sales - APAC
902,20240111,4004,10,CC-300,28383.25,Revenue,Consulting Revenue - Sales - EMEA
903,20240103,4005,1,CC-200,22886.6,Revenue,License Revenue - Sales
904,20240125,4005,2,CC-200,26304.84,Revenue,License Revenue - Marketing
905,20240105,4005,9,CC-100,25097.11,Revenue,License Revenue - Sales - APAC
906,20240115,4005,10,CC-400,20469.15,Revenue,License Revenue - Sales - EMEA
907,20240118,4010,1,CC-100,3461.12,Revenue,Interest Income - Sales
908,20240115,4010,2,CC-200,3509.79,Revenue,Interest Income - Marketing
909,20240128,4010,9,CC-300,3454.82,Revenue,Interest Income - Sales - APAC
910,20240126,4010,10,CC-200,3247.65,Revenue,Interest Income - Sales - EMEA
911,20240103,5001,5,CC-200,56560.15,Expense,Cost of Goods Sold - Human Resources
912,20240113,5001,1,CC-300,53680.92,Expense,Cost of Goods Sold - Sales
913,20240109,5001,4,CC-300,49766.5,Expense,Cost of Goods Sold - Finance
914,20240101,5001,7,CC-200,55837.77,Expense,Cost of Goods Sold - Customer Support
915,20240126,5002,8,CC-100,29186.51,Expense,Direct Labor - Research & Development
916,20240101,5002,9,CC-100,38927.08,Expense,Direct Labor - Sales - APAC
917,20240105,5002,4,CC-200,28725.92,Expense,Direct Labor - Finance
918,20240119,5003,7,CC-100,26594.22,Expense,Manufacturing Overhead - Customer Support
919,20240101,5003,6,CC-100,25602.58,Expense,Manufacturing Overhead - Operations
920,20240128,6001,4,CC-100,197774.63,Expense,Salaries & Wages - Finance
921,20240104,6001,8,CC-300,199186.67,Expense,Salaries & Wages - Research & Development
922,20240114,6002,8,CC-500,40541.4,Expense,Employee Benefits - Research & Development
923,20240116,6002,1,CC-400,52765.52,Expense,Employee Benefits - Sales
924,20240106,6003,7,CC-200,26290.97,Expense,Rent & Facilities - Customer Support
925,20240105,6003,10,CC-400,27527.28,Expense,Rent & Facilities - Sales - EMEA
926,20240114,6004,10,CC-400,6988.81,Expense,Utilities - Sales - EMEA
927,20240102,6004,4,CC-400,7610.54,Expense,Utilities - Finance
928,20240121,6005,5,CC-200,35264.39,Expense,Marketing & Advertising - Human Resources
929,20240108,6005,7,CC-500,47596.77,Expense,Marketing & Advertising - Customer Support
930,20240118,6006,9,CC-400,7461.77,Expense,Travel & Entertainment - Sales - APAC
931,20240119,6006,1,CC-300,7648.95,Expense,Travel & Entertainment - Sales
932,20240109,6006,7,CC-400,6881.58,Expense,Travel & Entertainment - Customer Support
933,20240120,6006,8,CC-300,5994.49,Expense,Travel & Entertainment - Research & Development
934,20240117,6007,1,CC-400,15851.15,Expense,Professional Services - Sales
935,20240108,6007,5,CC-500,18152.23,Expense,Professional Services - Human Resources
936,20240118,6008,2,CC-300,26302.96,Expense,Software & Technology - Marketing
937,20240125,6008,4,CC-100,27881.22,Expense,Software & Technology - Finance
938,20240106,6009,10,CC-200,11397.25,Expense,Depreciation - Sales - EMEA
939,20240126,6009,7,CC-300,10824.91,Expense,Depreciation - Customer Support
940,20240107,6010,6,CC-500,5075.94,Expense,Insurance - Operations
941,20240118,6010,1,CC-400,5616.66,Expense,Insurance - Sales
942,20240102,6010,10,CC-400,4571.93,Expense,Insurance - Sales - EMEA
943,20240120,6010,5,CC-200,4138.71,Expense,Insurance - Human Resources
944,20240120,6011,1,CC-300,4361.26,Expense,Office Supplies - Sales
945,20240111,6011,9,CC-200,3874.58,Expense,Office Supplies - Sales - APAC
946,20240125,6012,3,CC-200,3543.72,Expense,Training & Development - Engineering
947,20240128,6012,6,CC-500,3483.02,Expense,Training & Development - Operations
948,20240112,6012,1,CC-100,3902.07,Expense,Training & Development - Sales
949,20240119,6012,8,CC-400,4462.49,Expense,Training & Development - Research & Development
950,20240124,7001,6,CC-200,33213.23,Expense,Income Tax - Operations
951,20240121,7001,5,CC-400,42166.32,Expense,Income Tax - Human Resources
952,20240223,4001,1,CC-500,107609.31,Revenue,Product Sales - Sales
953,20240226,4001,2,CC-500,127156.8,Revenue,Product Sales - Marketing
954,20240227,4001,9,CC-500,108959.88,Revenue,Product Sales - Sales - APAC
955,20240224,4001,10,CC-300,102761.63,Revenue,Product Sales - Sales - EMEA
956,20240206,4002,1,CC-200,74845.97,Revenue,Service Revenue - Sales
957,20240213,4002,2,CC-500,75703.12,Revenue,Service Revenue - Marketing
958,20240202,4002,9,CC-500,78294.29,Revenue,Service Revenue - Sales - APAC
959,20240226,4002,10,CC-300,64083.6,Revenue,Service Revenue - Sales - EMEA
960,20240221,4003,1,CC-200,51927.42,Revenue,Subscription Revenue - Sales
961,20240205,4003,2,CC-400,46435.55,Revenue,Subscription Revenue - Marketing
962,20240208,4003,9,CC-100,43233.42,Revenue,Subscription Revenue - Sales - APAC
963,20240206,4003,10,CC-300,43447.12,Revenue,Subscription Revenue - Sales - EMEA
964,20240227,4004,1,CC-100,31600.39,Revenue,Consulting Revenue - Sales
965,20240215,4004,2,CC-300,32263.26,Revenue,Consulting Revenue - Marketing
966,20240208,4004,9,CC-200,25909.79,Revenue,Consulting Revenue - Sales - APAC
967,20240209,4004,10,CC-300,32119.45,Revenue,Consulting Revenue - Sales - EMEA
968,20240202,4005,1,CC-100,26104.56,Revenue,License Revenue - Sales
969,20240206,4005,2,CC-400,23212.55,Revenue,License Revenue - Marketing
970,20240213,4005,9,CC-400,26807.81,Revenue,License Revenue - Sales - APAC
971,20240204,4005,10,CC-400,22962.3,Revenue,License Revenue - Sales - EMEA
972,20240221,4010,1,CC-500,4169.35,Revenue,Interest Income - Sales
973,20240206,4010,2,CC-200,4089.01,Revenue,Interest Income - Marketing
974,20240210,4010,9,CC-100,3739.54,Revenue,Interest Income - Sales - APAC
975,20240204,4010,10,CC-300,3248.61,Revenue,Interest Income - Sales - EMEA
976,20240224,5001,6,CC-200,114362.08,Expense,Cost of Goods Sold - Operations
977,20240211,5001,3,CC-100,82170.1,Expense,Cost of Goods Sold - Engineering
978,20240220,5002,10,CC-200,30748.52,Expense,Direct Labor - Sales - EMEA
979,20240202,5002,8,CC-200,30197.92,Expense,Direct Labor - Research & Development
980,20240207,5002,1,CC-200,21958.14,Expense,Direct Labor - Sales
981,20240224,5002,4,CC-500,25176.97,Expense,Direct Labor - Finance
982,20240213,5003,9,CC-100,11075.86,Expense,Manufacturing Overhead - Sales - APAC
983,20240205,5003,5,CC-400,12730.26,Expense,Manufacturing Overhead - Human Resources
984,20240214,5003,10,CC-100,10169.8,Expense,Manufacturing Overhead - Sales - EMEA
985,20240216,5003,3,CC-500,10333.76,Expense,Manufacturing Overhead - Engineering
986,20240203,6001,2,CC-300,155369.49,Expense,Salaries & Wages - Marketing
987,20240210,6001,1,CC-100,174139.37,Expense,Salaries & Wages - Sales
988,20240213,6002,8,CC-500,26069.51,Expense,Employee Benefits - Research & Development
989,20240212,6002,10,CC-400,27238.19,Expense,Employee Benefits - Sales - EMEA
990,20240209,6002,5,CC-100,27259.4,Expense,Employee Benefits - Human Resources
991,20240202,6003,8,CC-500,22885.77,Expense,Rent & Facilities - Research & Development
992,20240203,6003,5,CC-100,17352.45,Expense,Rent & Facilities - Human Resources
993,20240214,6003,4,CC-500,21523.01,Expense,Rent & Facilities - Finance
994,20240214,6004,4,CC-500,3150.98,Expense,Utilities - Finance
995,20240219,6004,9,CC-400,3914.63,Expense,Utilities - Sales - APAC
996,20240210,6004,1,CC-400,3803.78,Expense,Utilities - Sales
997,20240217,6004,7,CC-100,2744.22,Expense,Utilities - Customer Support
998,20240207,6005,9,CC-200,20204.58,Expense,Marketing & Advertising - Sales - APAC
999,20240202,6005,3,CC-200,23169.8,Expense,Marketing & Advertising - Engineering
1000,20240207,6005,2,CC-400,19992.84,Expense,Marketing & Advertising - Marketing
1001,20240227,6005,7,CC-200,24727.47,Expense,Marketing & Advertising - Customer Support
1002,20240218,6006,5,CC-400,6567.27,Expense,Travel & Entertainment - Human Resources
1003,20240217,6006,6,CC-300,6396.85,Expense,Travel & Entertainment - Operations
1004,20240226,6006,2,CC-100,6759.93,Expense,Travel & Entertainment - Marketing
1005,20240217,6006,1,CC-500,7426.13,Expense,Travel & Entertainment - Sales
1006,20240219,6007,2,CC-500,11027.43,Expense,Professional Services - Marketing
1007,20240204,6007,7,CC-100,14159.67,Expense,Professional Services - Customer Support
1008,20240226,6007,3,CC-100,13155.11,Expense,Professional Services - Engineering
1009,20240219,6008,9,CC-400,14943.3,Expense,Software & Technology - Sales - APAC
1010,20240206,6008,6,CC-100,17219.15,Expense,Software & Technology - Operations
1011,20240220,6008,7,CC-200,15017.73,Expense,Software & Technology - Customer Support
1012,20240224,6009,7,CC-100,6511.04,Expense,Depreciation - Customer Support
1013,20240212,6009,1,CC-300,5990.03,Expense,Depreciation - Sales
1014,20240210,6009,10,CC-300,4888.96,Expense,Depreciation - Sales - EMEA
1015,20240228,6009,3,CC-400,5518.44,Expense,Depreciation - Engineering
1016,20240225,6010,2,CC-400,5888.95,Expense,Insurance - Marketing
1017,20240224,6010,4,CC-300,5595.13,Expense,Insurance - Finance
1018,20240207,6010,3,CC-100,4785.21,Expense,Insurance - Engineering
1019,20240224,6010,8,CC-400,4834.6,Expense,Insurance - Research & Development
1020,20240203,6011,9,CC-200,2951.25,Expense,Office Supplies - Sales - APAC
1021,20240213,6011,6,CC-500,2711.72,Expense,Office Supplies - Operations
1022,20240219,6011,1,CC-500,2505.83,Expense,Office Supplies - Sales
1023,20240227,6012,3,CC-200,9488.1,Expense,Training & Development - Engineering
1024,20240215,6012,4,CC-100,6790.17,Expense,Training & Development - Finance
1025,20240217,7001,6,CC-400,32517.88,Expense,Income Tax - Operations
1026,20240222,7001,4,CC-100,34276.27,Expense,Income Tax - Finance
1027,20240316,4001,1,CC-300,105597.23,Revenue,Product Sales - Sales
1028,20240328,4001,2,CC-200,126373.81,Revenue,Product Sales - Marketing
1029,20240312,4001,9,CC-500,121969.05,Revenue,Product Sales - Sales - APAC
1030,20240324,4001,10,CC-300,117163.42,Revenue,Product Sales - Sales - EMEA
1031,20240310,4002,1,CC-100,84065.99,Revenue,Service Revenue - Sales
1032,20240306,4002,2,CC-100,65633.53,Revenue,Service Revenue - Marketing
1033,20240328,4002,9,CC-200,84592.55,Revenue,Service Revenue - Sales - APAC
1034,20240322,4002,10,CC-200,70082.1,Revenue,Service Revenue - Sales - EMEA
1035,20240317,4003,1,CC-400,44837.15,Revenue,Subscription Revenue - Sales
1036,20240316,4003,2,CC-100,42083.87,Revenue,Subscription Revenue - Marketing
1037,20240320,4003,9,CC-200,55231.84,Revenue,Subscription Revenue - Sales - APAC
1038,20240309,4003,10,CC-200,53599.88,Revenue,Subscription Revenue - Sales - EMEA
1039,20240323,4004,1,CC-300,33840.29,Revenue,Consulting Revenue - Sales
1040,20240314,4004,2,CC-300,37367.02,Revenue,Consulting Revenue - Marketing
1041,20240315,4004,9,CC-300,36663.59,Revenue,Consulting Revenue - Sales - APAC
1042,20240310,4004,10,CC-400,30336.53,Revenue,Consulting Revenue - Sales - EMEA
1043,20240313,4005,1,CC-500,27326.18,Revenue,License Revenue - Sales
1044,20240317,4005,2,CC-100,26604.53,Revenue,License Revenue - Marketing
1045,20240318,4005,9,CC-300,29834.46,Revenue,License Revenue - Sales - APAC
1046,20240310,4005,10,CC-500,27093.8,Revenue,License Revenue - Sales - EMEA
1047,20240316,4010,1,CC-100,3849.19,Revenue,Interest Income - Sales
1048,20240321,4010,2,CC-300,3560.8,Revenue,Interest Income - Marketing
1049,20240309,4010,9,CC-300,3881.96,Revenue,Interest Income - Sales - APAC
1050,20240307,4010,10,CC-300,4288.76,Revenue,Interest Income - Sales - EMEA
1051,20240313,5001,9,CC-500,114827.61,Expense,Cost of Goods Sold - Sales - APAC
1052,20240324,5001,4,CC-200,105357.0,Expense,Cost of Goods Sold - Finance
1053,20240313,5002,8,CC-400,47222.01,Expense,Direct Labor - Research & Development
1054,20240319,5002,5,CC-100,49914.95,Expense,Direct Labor - Human Resources
1055,20240321,5003,10,CC-500,13431.18,Expense,Manufacturing Overhead - Sales - EMEA
1056,20240317,5003,4,CC-300,13785.24,Expense,Manufacturing Overhead - Finance
1057,20240327,5003,6,CC-200,11385.96,Expense,Manufacturing Overhead - Operations
1058,20240306,5003,8,CC-500,13155.19,Expense,Manufacturing Overhead - Research & Development
1059,20240325,6001,2,CC-500,128640.46,Expense,Salaries & Wages - Marketing
1060,20240321,6001,8,CC-300,136699.19,Expense,Salaries & Wages - Research & Development
1061,20240308,6001,3,CC-300,98057.8,Expense,Salaries & Wages - Engineering
1062,20240315,6002,5,CC-300,21136.23,Expense,Employee Benefits - Human Resources
1063,20240302,6002,7,CC-400,26658.85,Expense,Employee Benefits - Customer Support
1064,20240319,6002,6,CC-500,26800.78,Expense,Employee Benefits - Operations
1065,20240316,6002,3,CC-100,27529.21,Expense,Employee Benefits - Engineering
1066,20240317,6003,9,CC-400,34696.72,Expense,Rent & Facilities - Sales - APAC
1067,20240328,6003,2,CC-100,27810.1,Expense,Rent & Facilities - Marketing
1068,20240315,6004,3,CC-500,6184.65,Expense,Utilities - Engineering
1069,20240325,6004,4,CC-200,5658.11,Expense,Utilities - Finance
1070,20240311,6005,8,CC-200,43412.04,Expense,Marketing & Advertising - Research & Development
1071,20240315,6005,6,CC-100,43469.23,Expense,Marketing & Advertising - Operations
1072,20240305,6006,4,CC-100,9128.45,Expense,Travel & Entertainment - Finance
1073,20240313,6006,3,CC-400,9586.43,Expense,Travel & Entertainment - Engineering
1074,20240313,6006,9,CC-400,8906.43,Expense,Travel & Entertainment - Sales - APAC
1075,20240301,6007,1,CC-300,16935.49,Expense,Professional Services - Sales
1076,20240307,6007,9,CC-500,22268.45,Expense,Professional Services - Sales - APAC
1077,20240310,6008,1,CC-300,22040.03,Expense,Software & Technology - Sales
1078,20240317,6008,4,CC-400,21076.41,Expense,Software & Technology - Finance
1079,20240315,6009,5,CC-300,4950.64,Expense,Depreciation - Human Resources
1080,20240317,6009,3,CC-500,6601.35,Expense,Depreciation - Engineering
1081,20240311,6009,2,CC-200,5657.56,Expense,Depreciation - Marketing
1082,20240312,6009,7,CC-400,7250.66,Expense,Depreciation - Customer Support
1083,20240324,6010,3,CC-200,7995.73,Expense,Insurance - Engineering
1084,20240324,6010,7,CC-200,11820.12,Expense,Insurance - Customer Support
1085,20240323,6011,10,CC-300,3817.41,Expense,Office Supplies - Sales - EMEA
1086,20240313,6011,9,CC-100,4664.95,Expense,Office Supplies - Sales - APAC
1087,20240321,6012,5,CC-100,4941.22,Expense,Training & Development - Human Resources
1088,20240323,6012,9,CC-100,4679.6,Expense,Training & Development - Sales - APAC
1089,20240313,6012,1,CC-400,3491.05,Expense,Training & Development - Sales
1090,20240316,6012,10,CC-300,3503.93,Expense,Training & Development - Sales - EMEA
1091,20240322,7001,3,CC-100,17309.23,Expense,Income Tax - Engineering
1092,20240320,7001,4,CC-500,18020.21,Expense,Income Tax - Finance
1093,20240327,7001,1,CC-400,19310.19,Expense,Income Tax - Sales
1094,20240324,7001,10,CC-500,20725.15,Expense,Income Tax - Sales - EMEA
1095,20240404,4001,1,CC-300,133943.15,Revenue,Product Sales - Sales
1096,20240407,4001,2,CC-400,140427.25,Revenue,Product Sales - Marketing
1097,20240427,4001,9,CC-300,133605.63,Revenue,Product Sales - Sales - APAC
1098,20240412,4001,10,CC-200,130273.36,Revenue,Product Sales - Sales - EMEA
1099,20240406,4002,1,CC-300,85413.0,Revenue,Service Revenue - Sales
1100,20240407,4002,2,CC-400,69376.65,Revenue,Service Revenue - Marketing
1101,20240411,4002,9,CC-400,85045.12,Revenue,Service Revenue - Sales - APAC
1102,20240422,4002,10,CC-100,74088.3,Revenue,Service Revenue - Sales - EMEA
1103,20240427,4003,1,CC-100,45369.27,Revenue,Subscription Revenue - Sales
1104,20240405,4003,2,CC-400,52901.22,Revenue,Subscription Revenue - Marketing
1105,20240403,4003,9,CC-500,58727.65,Revenue,Subscription Revenue - Sales - APAC
1106,20240409,4003,10,CC-100,55220.83,Revenue,Subscription Revenue - Sales - EMEA
1107,20240410,4004,1,CC-400,35993.89,Revenue,Consulting Revenue - Sales
1108,20240404,4004,2,CC-100,32058.69,Revenue,Consulting Revenue - Marketing
1109,20240428,4004,9,CC-100,37741.4,Revenue,Consulting Revenue - Sales - APAC
1110,20240414,4004,10,CC-300,32332.37,Revenue,Consulting Revenue - Sales - EMEA
1111,20240428,4005,1,CC-100,29267.04,Revenue,License Revenue - Sales
1112,20240401,4005,2,CC-100,29428.16,Revenue,License Revenue - Marketing
1113,20240411,4005,9,CC-200,30196.69,Revenue,License Revenue - Sales - APAC
1114,20240420,4005,10,CC-400,26145.12,Revenue,License Revenue - Sales - EMEA
1115,20240412,4010,1,CC-100,4012.75,Revenue,Interest Income - Sales
1116,20240404,4010,2,CC-200,4719.99,Revenue,Interest Income - Marketing
1117,20240409,4010,9,CC-400,4184.13,Revenue,Interest Income - Sales - APAC
1118,20240426,4010,10,CC-400,4746.82,Revenue,Interest Income - Sales - EMEA
1119,20240428,5001,3,CC-100,71178.88,Expense,Cost of Goods Sold - Engineering
1120,20240419,5001,2,CC-400,57008.04,Expense,Cost of Goods Sold - Marketing
1121,20240422,5001,10,CC-500,65542.62,Expense,Cost of Goods Sold - Sales - EMEA
1122,20240416,5002,3,CC-200,36384.93,Expense,Direct Labor - Engineering
1123,20240414,5002,7,CC-100,40690.88,Expense,Direct Labor - Customer Support
1124,20240409,5002,6,CC-100,34006.92,Expense,Direct Labor - Operations
1125,20240417,5003,6,CC-500,14222.06,Expense,Manufacturing Overhead - Operations
1126,20240404,5003,1,CC-500,13306.8,Expense,Manufacturing Overhead - Sales
1127,20240416,5003,4,CC-200,12042.6,Expense,Manufacturing Overhead - Finance
1128,20240405,5003,10,CC-400,11611.46,Expense,Manufacturing Overhead - Sales - EMEA
1129,20240428,6001,10,CC-500,103289.87,Expense,Salaries & Wages - Sales - EMEA
1130,20240428,6001,1,CC-400,86918.97,Expense,Salaries & Wages - Sales
1131,20240411,6001,9,CC-400,76222.22,Expense,Salaries & Wages - Sales - APAC
1132,20240402,6001,6,CC-300,78879.39,Expense,Salaries & Wages - Operations
1133,20240415,6002,4,CC-100,26339.92,Expense,Employee Benefits - Finance
1134,20240415,6002,9,CC-500,22853.17,Expense,Employee Benefits - Sales - APAC
1135,20240415,6002,7,CC-400,19522.99,Expense,Employee Benefits - Customer Support
1136,20240424,6002,10,CC-400,21655.18,Expense,Employee Benefits - Sales - EMEA
1137,20240401,6003,1,CC-500,12316.78,Expense,Rent & Facilities - Sales
1138,20240420,6003,2,CC-500,17096.75,Expense,Rent & Facilities - Marketing
1139,20240418,6003,7,CC-500,15957.11,Expense,Rent & Facilities - Customer Support
1140,20240411,6003,4,CC-400,13351.45,Expense,Rent & Facilities - Finance
1141,20240420,6004,1,CC-500,4104.27,Expense,Utilities - Sales
1142,20240423,6004,4,CC-300,4352.72,Expense,Utilities - Finance
1143,20240425,6004,8,CC-100,4316.46,Expense,Utilities - Research & Development
1144,20240418,6005,4,CC-300,23346.54,Expense,Marketing & Advertising - Finance
1145,20240402,6005,1,CC-100,20806.38,Expense,Marketing & Advertising - Sales
1146,20240405,6005,6,CC-400,23899.24,Expense,Marketing & Advertising - Operations
1147,20240404,6005,3,CC-400,23280.17,Expense,Marketing & Advertising - Engineering
1148,20240407,6006,10,CC-400,7776.07,Expense,Travel & Entertainment - Sales - EMEA
1149,20240423,6006,4,CC-200,9009.17,Expense,Travel & Entertainment - Finance
1150,20240402,6006,9,CC-400,8572.42,Expense,Travel & Entertainment - Sales - APAC
1151,20240405,6007,10,CC-500,10235.06,Expense,Professional Services - Sales - EMEA
1152,20240417,6007,2,CC-100,11410.84,Expense,Professional Services - Marketing
1153,20240414,6007,8,CC-500,10534.42,Expense,Professional Services - Research & Development
1154,20240417,6007,4,CC-400,10929.44,Expense,Professional Services - Finance
1155,20240404,6008,10,CC-200,27031.9,Expense,Software & Technology - Sales - EMEA
1156,20240420,6008,3,CC-500,23635.32,Expense,Software & Technology - Engineering
1157,20240409,6009,9,CC-200,9613.86,Expense,Depreciation - Sales - APAC
1158,20240410,6009,7,CC-300,7737.13,Expense,Depreciation - Customer Support
1159,20240405,6009,10,CC-200,7914.52,Expense,Depreciation - Sales - EMEA
1160,20240428,6010,10,CC-500,7505.72,Expense,Insurance - Sales - EMEA
1161,20240421,6010,9,CC-500,6108.72,Expense,Insurance - Sales - APAC
1162,20240420,6010,5,CC-200,5853.78,Expense,Insurance - Human Resources
1163,20240417,6011,5,CC-200,2332.08,Expense,Office Supplies - Human Resources
1164,20240423,6011,6,CC-300,2237.39,Expense,Office Supplies - Operations
1165,20240418,6011,3,CC-300,1861.56,Expense,Office Supplies - Engineering
1166,20240422,6011,9,CC-500,2182.73,Expense,Office Supplies - Sales - APAC
1167,20240417,6012,7,CC-100,3996.94,Expense,Training & Development - Customer Support
1168,20240405,6012,9,CC-400,3475.68,Expense,Training & Development - Sales - APAC
1169,20240407,6012,5,CC-100,3387.56,Expense,Training & Development - Human Resources
1170,20240410,6012,10,CC-200,3740.51,Expense,Training & Development - Sales - EMEA
1171,20240425,7001,5,CC-200,19908.16,Expense,Income Tax - Human Resources
1172,20240427,7001,3,CC-300,18169.38,Expense,Income Tax - Engineering
1173,20240428,7001,1,CC-500,17536.05,Expense,Income Tax - Sales
1174,20240428,7001,6,CC-500,19130.01,Expense,Income Tax - Operations
1175,20240513,4001,1,CC-500,121048.17,Revenue,Product Sales - Sales
1176,20240523,4001,2,CC-300,121574.23,Revenue,Product Sales - Marketing
1177,20240513,4001,9,CC-400,138474.59,Revenue,Product Sales - Sales - APAC
1178,20240518,4001,10,CC-300,128659.46,Revenue,Product Sales - Sales - EMEA
1179,20240507,4002,1,CC-300,71118.81,Revenue,Service Revenue - Sales
1180,20240527,4002,2,CC-400,85079.8,Revenue,Service Revenue - Marketing
1181,20240525,4002,9,CC-300,75349.44,Revenue,Service Revenue - Sales - APAC
1182,20240507,4002,10,CC-500,84287.2,Revenue,Service Revenue - Sales - EMEA
1183,20240510,4003,1,CC-200,57157.92,Revenue,Subscription Revenue - Sales
1184,20240506,4003,2,CC-100,51974.46,Revenue,Subscription Revenue - Marketing
1185,20240504,4003,9,CC-500,60108.53,Revenue,Subscription Revenue - Sales - APAC
1186,20240509,4003,10,CC-400,50840.37,Revenue,Subscription Revenue - Sales - EMEA
1187,20240506,4004,1,CC-200,35787.51,Revenue,Consulting Revenue - Sales
1188,20240501,4004,2,CC-300,36076.64,Revenue,Consulting Revenue - Marketing
1189,20240502,4004,9,CC-200,33401.25,Revenue,Consulting Revenue - Sales - APAC
1190,20240520,4004,10,CC-300,31534.15,Revenue,Consulting Revenue - Sales - EMEA
1191,20240527,4005,1,CC-500,24104.97,Revenue,License Revenue - Sales
1192,20240526,4005,2,CC-400,29211.77,Revenue,License Revenue - Marketing
1193,20240503,4005,9,CC-300,28466.16,Revenue,License Revenue - Sales - APAC
1194,20240517,4005,10,CC-300,30232.58,Revenue,License Revenue - Sales - EMEA
1195,20240517,4010,1,CC-200,4029.2,Revenue,Interest Income - Sales
1196,20240506,4010,2,CC-500,3828.9,Revenue,Interest Income - Marketing
1197,20240513,4010,9,CC-500,4287.81,Revenue,Interest Income - Sales - APAC
1198,20240507,4010,10,CC-200,3860.27,Revenue,Interest Income - Sales - EMEA
1199,20240517,5001,6,CC-500,43925.22,Expense,Cost of Goods Sold - Operations
1200,20240527,5001,10,CC-500,49002.17,Expense,Cost of Goods Sold - Sales - EMEA
1201,20240504,5001,9,CC-100,54492.25,Expense,Cost of Goods Sold - Sales - APAC
1202,20240508,5001,3,CC-400,52844.98,Expense,Cost of Goods Sold - Engineering
1203,20240526,5002,10,CC-400,30155.15,Expense,Direct Labor - Sales - EMEA
1204,20240509,5002,4,CC-400,30775.12,Expense,Direct Labor - Finance
1205,20240501,5002,1,CC-300,26545.48,Expense,Direct Labor - Sales
1206,20240517,5002,6,CC-300,30423.46,Expense,Direct Labor - Operations
1207,20240511,5003,8,CC-200,14346.49,Expense,Manufacturing Overhead - Research & Development
1208,20240506,5003,10,CC-100,12443.78,Expense,Manufacturing Overhead - Sales - EMEA
1209,20240518,5003,1,CC-500,14709.56,Expense,Manufacturing Overhead - Sales
1210,20240507,5003,3,CC-100,9936.29,Expense,Manufacturing Overhead - Engineering
1211,20240521,6001,4,CC-400,89328.95,Expense,Salaries & Wages - Finance
1212,20240524,6001,7,CC-100,99149.75,Expense,Salaries & Wages - Customer Support
1213,20240515,6001,2,CC-100,94548.73,Expense,Salaries & Wages - Marketing
1214,20240503,6001,8,CC-100,95633.76,Expense,Salaries & Wages - Research & Development
1215,20240503,6002,1,CC-500,52251.82,Expense,Employee Benefits - Sales
1216,20240509,6002,3,CC-200,48151.79,Expense,Employee Benefits - Engineering
1217,20240513,6003,7,CC-100,19626.4,Expense,Rent & Facilities - Customer Support
1218,20240501,6003,8,CC-500,21564.61,Expense,Rent & Facilities - Research & Development
1219,20240503,6003,10,CC-500,21307.48,Expense,Rent & Facilities - Sales - EMEA
1220,20240510,6004,10,CC-100,3865.02,Expense,Utilities - Sales - EMEA
1221,20240520,6004,1,CC-300,3678.7,Expense,Utilities - Sales
1222,20240513,6004,2,CC-400,2754.19,Expense,Utilities - Marketing
1223,20240516,6004,3,CC-100,3161.55,Expense,Utilities - Engineering
1224,20240526,6005,9,CC-400,35250.29,Expense,Marketing & Advertising - Sales - APAC
1225,20240510,6005,4,CC-500,46158.5,Expense,Marketing & Advertising - Finance
1226,20240505,6006,3,CC-500,7022.19,Expense,Travel & Entertainment - Engineering
1227,20240519,6006,5,CC-100,5838.9,Expense,Travel & Entertainment - Human Resources
1228,20240518,6006,6,CC-500,7140.8,Expense,Travel & Entertainment - Operations
1229,20240507,6006,1,CC-300,8104.19,Expense,Travel & Entertainment - Sales
1230,20240506,6007,6,CC-200,10978.12,Expense,Professional Services - Operations
1231,20240527,6007,4,CC-500,8408.37,Expense,Professional Services - Finance
1232,20240506,6007,7,CC-100,8673.06,Expense,Professional Services - Customer Support
1233,20240528,6007,10,CC-500,10283.26,Expense,Professional Services - Sales - EMEA
1234,20240510,6008,9,CC-100,26182.28,Expense,Software & Technology - Sales - APAC
1235,20240504,6008,8,CC-300,26449.68,Expense,Software & Technology - Research & Development
1236,20240505,6009,10,CC-300,14285.45,Expense,Depreciation - Sales - EMEA
1237,20240504,6009,8,CC-200,12929.07,Expense,Depreciation - Research & Development
1238,20240511,6010,10,CC-400,6118.95,Expense,Insurance - Sales - EMEA
1239,20240523,6010,2,CC-300,6907.14,Expense,Insurance - Marketing
1240,20240519,6010,4,CC-500,6822.21,Expense,Insurance - Finance
1241,20240526,6011,6,CC-200,2352.34,Expense,Office Supplies - Operations
1242,20240509,6011,7,CC-400,2606.59,Expense,Office Supplies - Customer Support
1243,20240522,6011,3,CC-200,3332.4,Expense,Office Supplies - Engineering
1244,20240516,6012,6,CC-300,3891.92,Expense,Training & Development - Operations
1245,20240521,6012,8,CC-200,4210.26,Expense,Training & Development - Research & Development
1246,20240528,6012,9,CC-300,4300.94,Expense,Training & Development - Sales - APAC
1247,20240507,6012,4,CC-500,4663.63,Expense,Training & Development - Finance
1248,20240527,7001,2,CC-100,27166.07,Expense,Income Tax - Marketing
1249,20240525,7001,10,CC-400,24614.02,Expense,Income Tax - Sales - EMEA
1250,20240518,7001,1,CC-100,24691.68,Expense,Income Tax - Sales
1251,20240616,4001,1,CC-500,126088.12,Revenue,Product Sales - Sales
1252,20240612,4001,2,CC-200,142115.99,Revenue,Product Sales - Marketing
1253,20240624,4001,9,CC-500,131462.72,Revenue,Product Sales - Sales - APAC
1254,20240615,4001,10,CC-200,150399.31,Revenue,Product Sales - Sales - EMEA
1255,20240613,4002,1,CC-100,84553.48,Revenue,Service Revenue - Sales
1256,20240622,4002,2,CC-100,81072.97,Revenue,Service Revenue - Marketing
1257,20240622,4002,9,CC-500,77903.67,Revenue,Service Revenue - Sales - APAC
1258,20240605,4002,10,CC-500,76051.63,Revenue,Service Revenue - Sales - EMEA
1259,20240619,4003,1,CC-200,53460.83,Revenue,Subscription Revenue - Sales
1260,20240624,4003,2,CC-200,61652.06,Revenue,Subscription Revenue - Marketing
1261,20240602,4003,9,CC-300,58119.46,Revenue,Subscription Revenue - Sales - APAC
1262,20240608,4003,10,CC-400,49753.9,Revenue,Subscription Revenue - Sales - EMEA
1263,20240608,4004,1,CC-300,31474.39,Revenue,Consulting Revenue - Sales
1264,20240617,4004,2,CC-200,31256.47,Revenue,Consulting Revenue - Marketing
1265,20240613,4004,9,CC-300,40655.96,Revenue,Consulting Revenue - Sales - APAC
1266,20240602,4004,10,CC-400,35895.43,Revenue,Consulting Revenue - Sales - EMEA
1267,20240604,4005,1,CC-300,24719.72,Revenue,License Revenue - Sales
1268,20240621,4005,2,CC-500,30430.96,Revenue,License Revenue - Marketing
1269,20240619,4005,9,CC-300,31514.22,Revenue,License Revenue - Sales - APAC
1270,20240613,4005,10,CC-200,29059.69,Revenue,License Revenue - Sales - EMEA
1271,20240619,4010,1,CC-300,4736.88,Revenue,Interest Income - Sales
1272,20240617,4010,2,CC-100,4736.42,Revenue,Interest Income - Marketing
1273,20240617,4010,9,CC-200,4190.67,Revenue,Interest Income - Sales - APAC
1274,20240616,4010,10,CC-300,4400.22,Revenue,Interest Income - Sales - EMEA
1275,20240603,5001,10,CC-200,64413.33,Expense,Cost of Goods Sold - Sales - EMEA
1276,20240607,5001,1,CC-300,66383.89,Expense,Cost of Goods Sold - Sales
1277,20240612,5001,3,CC-200,56766.35,Expense,Cost of Goods Sold - Engineering
1278,20240616,5002,2,CC-100,24350.85,Expense,Direct Labor - Marketing
1279,20240607,5002,4,CC-400,27956.15,Expense,Direct Labor - Finance
1280,20240601,5002,7,CC-400,27073.76,Expense,Direct Labor - Customer Support
1281,20240619,5002,8,CC-200,23446.35,Expense,Direct Labor - Research & Development
1282,20240609,5003,3,CC-200,10626.98,Expense,Manufacturing Overhead - Engineering
1283,20240613,5003,10,CC-500,14466.11,Expense,Manufacturing Overhead - Sales - EMEA
1284,20240621,5003,1,CC-500,12866.82,Expense,Manufacturing Overhead - Sales
1285,20240603,5003,5,CC-300,9992.17,Expense,Manufacturing Overhead - Human Resources
1286,20240608,6001,8,CC-200,201858.09,Expense,Salaries & Wages - Research & Development
1287,20240605,6001,10,CC-500,199257.6,Expense,Salaries & Wages - Sales - EMEA
1288,20240615,6002,3,CC-300,25471.15,Expense,Employee Benefits - Engineering
1289,20240608,6002,9,CC-100,24277.59,Expense,Employee Benefits - Sales - APAC
1290,20240604,6002,5,CC-200,22236.28,Expense,Employee Benefits - Human Resources
1291,20240628,6002,2,CC-500,18854.86,Expense,Employee Benefits - Marketing
1292,20240620,6003,7,CC-500,14979.01,Expense,Rent & Facilities - Customer Support
1293,20240617,6003,3,CC-500,12336.17,Expense,Rent & Facilities - Engineering
1294,20240616,6003,2,CC-100,16651.92,Expense,Rent & Facilities - Marketing
1295,20240618,6003,8,CC-500,16089.33,Expense,Rent & Facilities - Research & Development
1296,20240623,6004,7,CC-100,6390.61,Expense,Utilities - Customer Support
1297,20240626,6004,9,CC-200,6678.72,Expense,Utilities - Sales - APAC
1298,20240616,6005,7,CC-300,26680.38,Expense,Marketing & Advertising - Customer Support
1299,20240610,6005,6,CC-100,30424.45,Expense,Marketing & Advertising - Operations
1300,20240614,6005,2,CC-500,28581.22,Expense,Marketing & Advertising - Marketing
1301,20240617,6006,4,CC-100,9452.62,Expense,Travel & Entertainment - Finance
1302,20240623,6006,1,CC-200,7359.71,Expense,Travel & Entertainment - Sales
1303,20240612,6006,9,CC-400,10282.39,Expense,Travel & Entertainment - Sales - APAC
1304,20240609,6007,3,CC-300,20417.13,Expense,Professional Services - Engineering
1305,20240619,6007,7,CC-400,21983.32,Expense,Professional Services - Customer Support
1306,20240618,6008,10,CC-400,18182.81,Expense,Software & Technology - Sales - EMEA
1307,20240606,6008,5,CC-400,18373.0,Expense,Software & Technology - Human Resources
1308,20240616,6008,7,CC-500,15643.41,Expense,Software & Technology - Customer Support
1309,20240624,6009,5,CC-100,8827.46,Expense,Depreciation - Human Resources
1310,20240604,6009,6,CC-200,7194.73,Expense,Depreciation - Operations
1311,20240626,6009,7,CC-400,7145.32,Expense,Depreciation - Customer Support
1312,20240626,6010,9,CC-100,6307.23,Expense,Insurance - Sales - APAC
1313,20240616,6010,1,CC-200,5520.47,Expense,Insurance - Sales
1314,20240603,6010,3,CC-400,7724.28,Expense,Insurance - Engineering
1315,20240602,6011,5,CC-500,4172.67,Expense,Office Supplies - Human Resources
1316,20240620,6011,4,CC-400,4795.11,Expense,Office Supplies - Finance
1317,20240615,6012,9,CC-400,4653.38,Expense,Training & Development - Sales - APAC
1318,20240610,6012,5,CC-500,3317.67,Expense,Training & Development - Human Resources
1319,20240617,6012,1,CC-500,3621.33,Expense,Training & Development - Sales
1320,20240620,6012,7,CC-200,4151.09,Expense,Training & Development - Customer Support
1321,20240606,7001,1,CC-100,32021.37,Expense,Income Tax - Sales
1322,20240625,7001,6,CC-300,29841.85,Expense,Income Tax - Operations
1323,20240713,4001,1,CC-400,122962.33,Revenue,Product Sales - Sales
1324,20240701,4001,2,CC-500,130061.67,Revenue,Product Sales - Marketing
1325,20240703,4001,9,CC-100,135799.26,Revenue,Product Sales - Sales - APAC
1326,20240719,4001,10,CC-500,128673.82,Revenue,Product Sales - Sales - EMEA
1327,20240708,4002,1,CC-300,75294.87,Revenue,Service Revenue - Sales
1328,20240715,4002,2,CC-200,81407.3,Revenue,Service Revenue - Marketing
1329,20240701,4002,9,CC-500,89060.04,Revenue,Service Revenue - Sales - APAC
1330,20240717,4002,10,CC-400,73236.13,Revenue,Service Revenue - Sales - EMEA
1331,20240717,4003,1,CC-100,44727.56,Revenue,Subscription Revenue - Sales
1332,20240726,4003,2,CC-100,47584.64,Revenue,Subscription Revenue - Marketing
1333,20240718,4003,9,CC-300,50917.15,Revenue,Subscription Revenue - Sales - APAC
1334,20240709,4003,10,CC-500,55479.38,Revenue,Subscription Revenue - Sales - EMEA
1335,20240719,4004,1,CC-400,35779.69,Revenue,Consulting Revenue - Sales
1336,20240725,4004,2,CC-200,33643.96,Revenue,Consulting Revenue - Marketing
1337,20240722,4004,9,CC-400,32183.68,Revenue,Consulting Revenue - Sales - APAC
1338,20240728,4004,10,CC-500,33411.59,Revenue,Consulting Revenue - Sales - EMEA
1339,20240709,4005,1,CC-100,22970.94,Revenue,License Revenue - Sales
1340,20240722,4005,2,CC-200,23293.76,Revenue,License Revenue - Marketing
1341,20240714,4005,9,CC-300,28381.67,Revenue,License Revenue - Sales - APAC
1342,20240718,4005,10,CC-500,30423.42,Revenue,License Revenue - Sales - EMEA
1343,20240708,4010,1,CC-300,3604.64,Revenue,Interest Income - Sales
1344,20240722,4010,2,CC-400,3956.56,Revenue,Interest Income - Marketing
1345,20240703,4010,9,CC-300,4541.68,Revenue,Interest Income - Sales - APAC
1346,20240716,4010,10,CC-200,4295.41,Revenue,Interest Income - Sales - EMEA
1347,20240716,5001,6,CC-200,57625.51,Expense,Cost of Goods Sold - Operations
1348,20240724,5001,4,CC-200,72259.76,Expense,Cost of Goods Sold - Finance
1349,20240707,5001,5,CC-300,59190.29,Expense,Cost of Goods Sold - Human Resources
1350,20240705,5002,4,CC-300,59279.4,Expense,Direct Labor - Finance
1351,20240703,5002,10,CC-100,58079.81,Expense,Direct Labor - Sales - EMEA
1352,20240711,5003,8,CC-500,12287.35,Expense,Manufacturing Overhead - Research & Development
1353,20240728,5003,1,CC-500,12337.08,Expense,Manufacturing Overhead - Sales
1354,20240725,5003,9,CC-200,11259.93,Expense,Manufacturing Overhead - Sales - APAC
1355,20240713,5003,7,CC-300,14434.23,Expense,Manufacturing Overhead - Customer Support
1356,20240716,6001,10,CC-400,144612.03,Expense,Salaries & Wages - Sales - EMEA
1357,20240717,6001,3,CC-100,206951.67,Expense,Salaries & Wages - Engineering
1358,20240715,6002,7,CC-500,37107.12,Expense,Employee Benefits - Customer Support
1359,20240701,6002,3,CC-100,28868.45,Expense,Employee Benefits - Engineering
1360,20240719,6002,8,CC-400,33337.15,Expense,Employee Benefits - Research & Development
1361,20240706,6003,6,CC-300,31614.61,Expense,Rent & Facilities - Operations
1362,20240709,6003,10,CC-200,30837.62,Expense,Rent & Facilities - Sales - EMEA
1363,20240707,6004,10,CC-400,3843.69,Expense,Utilities - Sales - EMEA
1364,20240712,6004,6,CC-300,4257.6,Expense,Utilities - Operations
1365,20240715,6004,9,CC-300,5023.61,Expense,Utilities - Sales - APAC
1366,20240727,6005,10,CC-200,49158.0,Expense,Marketing & Advertising - Sales - EMEA
1367,20240726,6005,3,CC-300,34647.85,Expense,Marketing & Advertising - Engineering
1368,20240705,6006,9,CC-200,15709.7,Expense,Travel & Entertainment - Sales - APAC
1369,20240716,6006,7,CC-200,15400.21,Expense,Travel & Entertainment - Customer Support
1370,20240718,6007,3,CC-500,19246.9,Expense,Professional Services - Engineering
1371,20240710,6007,7,CC-400,20948.31,Expense,Professional Services - Customer Support
1372,20240702,6008,9,CC-200,13853.23,Expense,Software & Technology - Sales - APAC
1373,20240716,6008,1,CC-300,14622.08,Expense,Software & Technology - Sales
1374,20240715,6008,7,CC-100,18737.21,Expense,Software & Technology - Customer Support
1375,20240712,6009,6,CC-300,6196.05,Expense,Depreciation - Operations
1376,20240712,6009,5,CC-100,4888.0,Expense,Depreciation - Human Resources
1377,20240707,6009,10,CC-500,6939.03,Expense,Depreciation - Sales - EMEA
1378,20240706,6009,3,CC-500,6235.99,Expense,Depreciation - Engineering
1379,20240703,6010,6,CC-400,7325.33,Expense,Insurance - Operations
1380,20240715,6010,10,CC-300,6286.03,Expense,Insurance - Sales - EMEA
1381,20240728,6010,8,CC-200,6947.72,Expense,Insurance - Research & Development
1382,20240713,6011,6,CC-500,4631.04,Expense,Office Supplies - Operations
1383,20240703,6011,7,CC-100,5014.07,Expense,Office Supplies - Customer Support
1384,20240723,6012,6,CC-300,7634.49,Expense,Training & Development - Operations
1385,20240709,6012,4,CC-400,7482.66,Expense,Training & Development - Finance
1386,20240728,7001,6,CC-200,23013.36,Expense,Income Tax - Operations
1387,20240722,7001,9,CC-200,19286.9,Expense,Income Tax - Sales - APAC
1388,20240707,7001,8,CC-100,21465.7,Expense,Income Tax - Research & Development
1389,20240804,4001,1,CC-100,107131.21,Revenue,Product Sales - Sales
1390,20240818,4001,2,CC-400,103449.12,Revenue,Product Sales - Marketing
1391,20240817,4001,9,CC-400,103093.22,Revenue,Product Sales - Sales - APAC
1392,20240804,4001,10,CC-100,128487.36,Revenue,Product Sales - Sales - EMEA
1393,20240803,4002,1,CC-200,68782.16,Revenue,Service Revenue - Sales
1394,20240810,4002,2,CC-400,77500.07,Revenue,Service Revenue - Marketing
1395,20240815,4002,9,CC-300,68046.83,Revenue,Service Revenue - Sales - APAC
1396,20240817,4002,10,CC-200,76870.15,Revenue,Service Revenue - Sales - EMEA
1397,20240802,4003,1,CC-100,52445.05,Revenue,Subscription Revenue - Sales
1398,20240828,4003,2,CC-300,49945.97,Revenue,Subscription Revenue - Marketing
1399,20240809,4003,9,CC-500,47269.42,Revenue,Subscription Revenue - Sales - APAC
1400,20240823,4003,10,CC-200,48303.37,Revenue,Subscription Revenue - Sales - EMEA
1401,20240820,4004,1,CC-500,32114.1,Revenue,Consulting Revenue - Sales
1402,20240814,4004,2,CC-500,31326.21,Revenue,Consulting Revenue - Marketing
1403,20240810,4004,9,CC-500,31963.38,Revenue,Consulting Revenue - Sales - APAC
1404,20240818,4004,10,CC-400,35633.77,Revenue,Consulting Revenue - Sales - EMEA
1405,20240815,4005,1,CC-100,23070.53,Revenue,License Revenue - Sales
1406,20240809,4005,2,CC-400,23679.16,Revenue,License Revenue - Marketing
1407,20240801,4005,9,CC-100,22532.21,Revenue,License Revenue - Sales - APAC
1408,20240812,4005,10,CC-200,25303.26,Revenue,License Revenue - Sales - EMEA
1409,20240801,4010,1,CC-500,3713.69,Revenue,Interest Income - Sales
1410,20240825,4010,2,CC-400,4190.99,Revenue,Interest Income - Marketing
1411,20240825,4010,9,CC-100,3940.2,Revenue,Interest Income - Sales - APAC
1412,20240820,4010,10,CC-300,3884.7,Revenue,Interest Income - Sales - EMEA
1413,20240818,5001,1,CC-400,93996.3,Expense,Cost of Goods Sold - Sales
1414,20240806,5001,9,CC-200,96509.41,Expense,Cost of Goods Sold - Sales - APAC
1415,20240817,5002,7,CC-200,21727.74,Expense,Direct Labor - Customer Support
1416,20240826,5002,10,CC-500,28889.43,Expense,Direct Labor - Sales - EMEA
1417,20240810,5002,4,CC-300,28151.51,Expense,Direct Labor - Finance
1418,20240826,5002,3,CC-500,27676.38,Expense,Direct Labor - Engineering
1419,20240804,5003,7,CC-300,14403.89,Expense,Manufacturing Overhead - Customer Support
1420,20240815,5003,4,CC-500,17403.49,Expense,Manufacturing Overhead - Finance
1421,20240816,5003,2,CC-500,14996.09,Expense,Manufacturing Overhead - Marketing
1422,20240801,6001,6,CC-500,151511.31,Expense,Salaries & Wages - Operations
1423,20240810,6001,1,CC-100,153890.01,Expense,Salaries & Wages - Sales
1424,20240801,6002,3,CC-200,27835.7,Expense,Employee Benefits - Engineering
1425,20240814,6002,8,CC-300,31086.63,Expense,Employee Benefits - Research & Development
1426,20240812,6002,1,CC-400,28817.66,Expense,Employee Benefits - Sales
1427,20240802,6003,1,CC-200,22937.94,Expense,Rent & Facilities - Sales
1428,20240803,6003,6,CC-400,18283.13,Expense,Rent & Facilities - Operations
1429,20240807,6003,2,CC-200,20515.08,Expense,Rent & Facilities - Marketing
1430,20240813,6004,7,CC-200,5235.29,Expense,Utilities - Customer Support
1431,20240808,6004,1,CC-400,4877.36,Expense,Utilities - Sales
1432,20240807,6004,2,CC-100,4818.21,Expense,Utilities - Marketing
1433,20240811,6005,2,CC-300,27201.08,Expense,Marketing & Advertising - Marketing
1434,20240824,6005,9,CC-100,23744.73,Expense,Marketing & Advertising - Sales - APAC
1435,20240804,6005,4,CC-500,32311.63,Expense,Marketing & Advertising - Finance
1436,20240828,6006,8,CC-100,8654.9,Expense,Travel & Entertainment - Research & Development
1437,20240808,6006,5,CC-100,9777.88,Expense,Travel & Entertainment - Human Resources
1438,20240801,6006,4,CC-300,9654.0,Expense,Travel & Entertainment - Finance
1439,20240801,6007,5,CC-200,18447.72,Expense,Professional Services - Human Resources
1440,20240826,6007,2,CC-500,22860.03,Expense,Professional Services - Marketing
1441,20240816,6008,8,CC-200,10342.93,Expense,Software & Technology - Research & Development
1442,20240811,6008,3,CC-500,10352.44,Expense,Software & Technology - Engineering
1443,20240802,6008,6,CC-100,14507.7,Expense,Software & Technology - Operations
1444,20240823,6008,7,CC-200,11659.81,Expense,Software & Technology - Customer Support
1445,20240826,6009,2,CC-500,5606.51,Expense,Depreciation - Marketing
1446,20240826,6009,3,CC-300,6400.04,Expense,Depreciation - Engineering
1447,20240801,6009,8,CC-200,6998.15,Expense,Depreciation - Research & Development
1448,20240824,6009,10,CC-300,6507.98,Expense,Depreciation - Sales - EMEA
1449,20240818,6010,5,CC-400,9841.8,Expense,Insurance - Human Resources
1450,20240807,6010,1,CC-400,9087.07,Expense,Insurance - Sales
1451,20240828,6011,3,CC-300,2404.51,Expense,Office Supplies - Engineering
1452,20240806,6011,9,CC-500,2491.59,Expense,Office Supplies - Sales - APAC
1453,20240815,6011,6,CC-200,1820.61,Expense,Office Supplies - Operations
1454,20240818,6011,10,CC-300,2020.19,Expense,Office Supplies - Sales - EMEA
1455,20240820,6012,8,CC-100,6014.05,Expense,Training & Development - Research & Development
1456,20240808,6012,1,CC-500,6285.02,Expense,Training & Development - Sales
1457,20240822,6012,7,CC-100,5105.53,Expense,Training & Development - Customer Support
1458,20240810,7001,7,CC-500,18242.99,Expense,Income Tax - Customer Support
1459,20240804,7001,4,CC-300,16606.59,Expense,Income Tax - Finance
1460,20240802,7001,8,CC-100,14988.23,Expense,Income Tax - Research & Development
1461,20240806,7001,10,CC-200,20271.63,Expense,Income Tax - Sales - EMEA
1462,20240904,4001,1,CC-200,151064.75,Revenue,Product Sales - Sales
1463,20240902,4001,2,CC-100,135247.54,Revenue,Product Sales - Marketing
1464,20240922,4001,9,CC-400,138737.72,Revenue,Product Sales - Sales - APAC
1465,20240923,4001,10,CC-500,135432.54,Revenue,Product Sales - Sales - EMEA
1466,20240912,4002,1,CC-100,86814.81,Revenue,Service Revenue - Sales
1467,20240901,4002,2,CC-100,77443.23,Revenue,Service Revenue - Marketing
1468,20240921,4002,9,CC-200,95434.08,Revenue,Service Revenue - Sales - APAC
1469,20240915,4002,10,CC-100,84307.07,Revenue,Service Revenue - Sales - EMEA
1470,20240912,4003,1,CC-100,59244.5,Revenue,Subscription Revenue - Sales
1471,20240927,4003,2,CC-400,55283.3,Revenue,Subscription Revenue - Marketing
1472,20240927,4003,9,CC-100,52203.16,Revenue,Subscription Revenue - Sales - APAC
1473,20240902,4003,10,CC-500,56243.66,Revenue,Subscription Revenue - Sales - EMEA
1474,20240903,4004,1,CC-300,38771.26,Revenue,Consulting Revenue - Sales
1475,20240904,4004,2,CC-500,41056.73,Revenue,Consulting Revenue - Marketing
1476,20240918,4004,9,CC-200,31891.31,Revenue,Consulting Revenue - Sales - APAC
1477,20240917,4004,10,CC-200,34978.84,Revenue,Consulting Revenue - Sales - EMEA
1478,20240921,4005,1,CC-500,30027.8,Revenue,License Revenue - Sales
1479,20240924,4005,2,CC-500,32528.19,Revenue,License Revenue - Marketing
1480,20240925,4005,9,CC-100,29178.34,Revenue,License Revenue - Sales - APAC
1481,20240922,4005,10,CC-300,29870.77,Revenue,License Revenue - Sales - EMEA
1482,20240904,4010,1,CC-400,4472.05,Revenue,Interest Income - Sales
1483,20240918,4010,2,CC-200,4075.51,Revenue,Interest Income - Marketing
1484,20240922,4010,9,CC-300,4394.4,Revenue,Interest Income - Sales - APAC
1485,20240915,4010,10,CC-500,4063.78,Revenue,Interest Income - Sales - EMEA
1486,20240925,5001,6,CC-400,75104.15,Expense,Cost of Goods Sold - Operations
1487,20240920,5001,9,CC-300,69517.56,Expense,Cost of Goods Sold - Sales - APAC
1488,20240907,5001,10,CC-500,59155.08,Expense,Cost of Goods Sold - Sales - EMEA
1489,20240913,5002,9,CC-400,41265.68,Expense,Direct Labor - Sales - APAC
1490,20240910,5002,5,CC-100,27869.39,Expense,Direct Labor - Human Resources
1491,20240905,5002,6,CC-500,36167.63,Expense,Direct Labor - Operations
1492,20240901,5003,1,CC-300,14617.83,Expense,Manufacturing Overhead - Sales
1493,20240918,5003,5,CC-300,18292.05,Expense,Manufacturing Overhead - Human Resources
1494,20240919,5003,4,CC-500,16574.39,Expense,Manufacturing Overhead - Finance
1495,20240905,6001,2,CC-200,173210.03,Expense,Salaries & Wages - Marketing
1496,20240908,6001,1,CC-500,159455.17,Expense,Salaries & Wages - Sales
1497,20240919,6002,5,CC-400,39118.63,Expense,Employee Benefits - Human Resources
1498,20240924,6002,10,CC-100,54564.39,Expense,Employee Benefits - Sales - EMEA
1499,20240927,6003,8,CC-500,22794.02,Expense,Rent & Facilities - Research & Development
1500,20240921,6003,3,CC-500,23455.09,Expense,Rent & Facilities - Engineering
1501,20240913,6003,10,CC-500,18556.51,Expense,Rent & Facilities - Sales - EMEA
1502,20240914,6004,1,CC-400,6198.54,Expense,Utilities - Sales
1503,20240928,6004,6,CC-100,7735.85,Expense,Utilities - Operations
1504,20240902,6005,10,CC-400,43459.14,Expense,Marketing & Advertising - Sales - EMEA
1505,20240911,6005,1,CC-100,38028.93,Expense,Marketing & Advertising - Sales
1506,20240902,6006,10,CC-200,7418.86,Expense,Travel & Entertainment - Sales - EMEA
1507,20240915,6006,3,CC-400,7352.5,Expense,Travel & Entertainment - Engineering
1508,20240917,6006,6,CC-500,7570.31,Expense,Travel & Entertainment - Operations
1509,20240910,6006,5,CC-400,5747.73,Expense,Travel & Entertainment - Human Resources
1510,20240924,6007,3,CC-500,10690.4,Expense,Professional Services - Engineering
1511,20240909,6007,10,CC-400,10519.8,Expense,Professional Services - Sales - EMEA
1512,20240914,6007,6,CC-500,10703.41,Expense,Professional Services - Operations
1513,20240921,6008,3,CC-400,10880.64,Expense,Software & Technology - Engineering
1514,20240920,6008,10,CC-500,12728.09,Expense,Software & Technology - Sales - EMEA
1515,20240908,6008,8,CC-500,14835.54,Expense,Software & Technology - Research & Development
1516,20240925,6008,5,CC-300,11099.46,Expense,Software & Technology - Human Resources
1517,20240912,6009,6,CC-400,8620.84,Expense,Depreciation - Operations
1518,20240912,6009,2,CC-300,7577.21,Expense,Depreciation - Marketing
1519,20240925,6009,9,CC-100,8369.58,Expense,Depreciation - Sales - APAC
1520,20240902,6010,3,CC-400,6925.2,Expense,Insurance - Engineering
1521,20240907,6010,6,CC-200,7719.92,Expense,Insurance - Operations
1522,20240925,6010,8,CC-200,7089.35,Expense,Insurance - Research & Development
1523,20240928,6011,2,CC-200,2595.07,Expense,Office Supplies - Marketing
1524,20240901,6011,10,CC-300,2492.55,Expense,Office Supplies - Sales - EMEA
1525,20240910,6011,1,CC-100,2062.08,Expense,Office Supplies - Sales
1526,20240911,6011,9,CC-100,2156.05,Expense,Office Supplies - Sales - APAC
1527,20240925,6012,9,CC-500,7272.54,Expense,Training & Development - Sales - APAC
1528,20240920,6012,4,CC-400,7453.57,Expense,Training & Development - Finance
1529,20240902,7001,3,CC-500,20778.19,Expense,Income Tax - Engineering
1530,20240910,7001,1,CC-100,16126.51,Expense,Income Tax - Sales
1531,20240909,7001,7,CC-500,15734.98,Expense,Income Tax - Customer Support
1532,20240903,7001,5,CC-100,14679.56,Expense,Income Tax - Human Resources
1533,20241022,4001,1,CC-300,137558.34,Revenue,Product Sales - Sales
1534,20241028,4001,2,CC-300,157344.24,Revenue,Product Sales - Marketing
1535,20241028,4001,9,CC-300,125571.91,Revenue,Product Sales - Sales - APAC
1536,20241008,4001,10,CC-400,158681.38,Revenue,Product Sales - Sales - EMEA
1537,20241023,4002,1,CC-500,101295.7,Revenue,Service Revenue - Sales
1538,20241016,4002,2,CC-300,77913.47,Revenue,Service Revenue - Marketing
1539,20241003,4002,9,CC-500,98293.32,Revenue,Service Revenue - Sales - APAC
1540,20241015,4002,10,CC-500,80219.68,Revenue,Service Revenue - Sales - EMEA
1541,20241002,4003,1,CC-100,57961.39,Revenue,Subscription Revenue - Sales
1542,20241010,4003,2,CC-500,52611.09,Revenue,Subscription Revenue - Marketing
1543,20241024,4003,9,CC-400,54082.79,Revenue,Subscription Revenue - Sales - APAC
1544,20241022,4003,10,CC-300,51067.51,Revenue,Subscription Revenue - Sales - EMEA
1545,20241008,4004,1,CC-300,36264.03,Revenue,Consulting Revenue - Sales
1546,20241009,4004,2,CC-500,43596.9,Revenue,Consulting Revenue - Marketing
1547,20241013,4004,9,CC-300,41500.9,Revenue,Consulting Revenue - Sales - APAC
1548,20241018,4004,10,CC-100,42394.73,Revenue,Consulting Revenue - Sales - EMEA
1549,20241005,4005,1,CC-200,34091.69,Revenue,License Revenue - Sales
1550,20241022,4005,2,CC-400,28617.75,Revenue,License Revenue - Marketing
1551,20241017,4005,9,CC-400,26774.34,Revenue,License Revenue - Sales - APAC
1552,20241028,4005,10,CC-500,34195.25,Revenue,License Revenue - Sales - EMEA
1553,20241014,4010,1,CC-200,4922.39,Revenue,Interest Income - Sales
1554,20241014,4010,2,CC-200,4374.25,Revenue,Interest Income - Marketing
1555,20241011,4010,9,CC-500,5413.38,Revenue,Interest Income - Sales - APAC
1556,20241007,4010,10,CC-200,4671.41,Revenue,Interest Income - Sales - EMEA
1557,20241005,5001,3,CC-500,42334.57,Expense,Cost of Goods Sold - Engineering
1558,20241021,5001,9,CC-200,48115.27,Expense,Cost of Goods Sold - Sales - APAC
1559,20241011,5001,4,CC-200,58073.99,Expense,Cost of Goods Sold - Finance
1560,20241024,5001,7,CC-500,40942.72,Expense,Cost of Goods Sold - Customer Support
1561,20241024,5002,3,CC-200,59346.02,Expense,Direct Labor - Engineering
1562,20241014,5002,6,CC-300,42416.2,Expense,Direct Labor - Operations
1563,20241004,5003,5,CC-200,14202.92,Expense,Manufacturing Overhead - Human Resources
1564,20241025,5003,8,CC-100,14068.2,Expense,Manufacturing Overhead - Research & Development
1565,20241009,5003,10,CC-500,19707.31,Expense,Manufacturing Overhead - Sales - EMEA
1566,20241003,6001,10,CC-300,94595.7,Expense,Salaries & Wages - Sales - EMEA
1567,20241005,6001,4,CC-400,94622.57,Expense,Salaries & Wages - Finance
1568,20241016,6001,9,CC-500,88081.83,Expense,Salaries & Wages - Sales - APAC
1569,20241006,6001,2,CC-300,95463.07,Expense,Salaries & Wages - Marketing
1570,20241002,6002,8,CC-200,26975.2,Expense,Employee Benefits - Research & Development
1571,20241009,6002,10,CC-100,30027.08,Expense,Employee Benefits - Sales - EMEA
1572,20241024,6002,3,CC-200,36779.14,Expense,Employee Benefits - Engineering
1573,20241028,6003,4,CC-400,17708.97,Expense,Rent & Facilities - Finance
1574,20241028,6003,10,CC-300,15833.21,Expense,Rent & Facilities - Sales - EMEA
1575,20241014,6003,2,CC-200,14868.15,Expense,Rent & Facilities - Marketing
1576,20241020,6003,8,CC-100,14549.44,Expense,Rent & Facilities - Research & Development
1577,20241020,6004,7,CC-500,3879.66,Expense,Utilities - Customer Support
1578,20241017,6004,6,CC-100,3347.73,Expense,Utilities - Operations
1579,20241027,6004,10,CC-400,2784.3,Expense,Utilities - Sales - EMEA
1580,20241017,6004,5,CC-200,3798.65,Expense,Utilities - Human Resources
1581,20241007,6005,7,CC-100,22812.57,Expense,Marketing & Advertising - Customer Support
1582,20241010,6005,1,CC-400,18902.23,Expense,Marketing & Advertising - Sales
1583,20241015,6005,10,CC-300,22882.84,Expense,Marketing & Advertising - Sales - EMEA
1584,20241020,6005,5,CC-300,17873.51,Expense,Marketing & Advertising - Human Resources
1585,20241003,6006,9,CC-400,13549.68,Expense,Travel & Entertainment - Sales - APAC
1586,20241006,6006,3,CC-100,14974.56,Expense,Travel & Entertainment - Engineering
1587,20241006,6007,9,CC-100,8945.32,Expense,Professional Services - Sales - APAC
1588,20241015,6007,3,CC-200,9446.67,Expense,Professional Services - Engineering
1589,20241023,6007,7,CC-300,8047.19,Expense,Professional Services - Customer Support
1590,20241023,6007,4,CC-200,10197.02,Expense,Professional Services - Finance
1591,20241003,6008,2,CC-300,12124.52,Expense,Software & Technology - Marketing
1592,20241024,6008,10,CC-400,12492.9,Expense,Software & Technology - Sales - EMEA
1593,20241020,6008,9,CC-500,13815.78,Expense,Software & Technology - Sales - APAC
1594,20241018,6008,6,CC-400,14601.28,Expense,Software & Technology - Operations
1595,20241006,6009,1,CC-200,8277.99,Expense,Depreciation - Sales
1596,20241025,6009,3,CC-200,9256.72,Expense,Depreciation - Engineering
1597,20241010,6009,6,CC-400,8750.87,Expense,Depreciation - Operations
1598,20241007,6010,8,CC-200,5590.34,Expense,Insurance - Research & Development
1599,20241001,6010,5,CC-300,5289.33,Expense,Insurance - Human Resources
1600,20241018,6010,3,CC-400,6490.82,Expense,Insurance - Engineering
1601,20241022,6011,10,CC-500,3938.67,Expense,Office Supplies - Sales - EMEA
1602,20241015,6011,8,CC-400,4357.25,Expense,Office Supplies - Research & Development
1603,20241009,6012,10,CC-500,7407.55,Expense,Training & Development - Sales - EMEA
1604,20241027,6012,1,CC-500,8645.23,Expense,Training & Development - Sales
1605,20241002,7001,1,CC-300,30720.06,Expense,Income Tax - Sales
1606,20241022,7001,3,CC-100,30678.85,Expense,Income Tax - Engineering
1607,20241110,4001,1,CC-500,158887.17,Revenue,Product Sales - Sales
1608,20241102,4001,2,CC-100,147384.0,Revenue,Product Sales - Marketing
1609,20241106,4001,9,CC-200,137033.94,Revenue,Product Sales - Sales - APAC
1610,20241122,4001,10,CC-500,163265.11,Revenue,Product Sales - Sales - EMEA
1611,20241119,4002,1,CC-500,102150.06,Revenue,Service Revenue - Sales
1612,20241115,4002,2,CC-200,104926.17,Revenue,Service Revenue - Marketing
1613,20241102,4002,9,CC-300,103825.72,Revenue,Service Revenue - Sales - APAC
1614,20241111,4002,10,CC-300,84808.8,Revenue,Service Revenue - Sales - EMEA
1615,20241127,4003,1,CC-400,59651.45,Revenue,Subscription Revenue - Sales
1616,20241127,4003,2,CC-400,54045.63,Revenue,Subscription Revenue - Marketing
1617,20241116,4003,9,CC-300,63040.28,Revenue,Subscription Revenue - Sales - APAC
1618,20241111,4003,10,CC-300,55291.59,Revenue,Subscription Revenue - Sales - EMEA
1619,20241107,4004,1,CC-500,41735.99,Revenue,Consulting Revenue - Sales
1620,20241102,4004,2,CC-500,43832.2,Revenue,Consulting Revenue - Marketing
1621,20241103,4004,9,CC-500,36547.53,Revenue,Consulting Revenue - Sales - APAC
1622,20241126,4004,10,CC-500,41197.09,Revenue,Consulting Revenue - Sales - EMEA
1623,20241114,4005,1,CC-300,37556.33,Revenue,License Revenue - Sales
1624,20241109,4005,2,CC-300,33845.21,Revenue,License Revenue - Marketing
1625,20241112,4005,9,CC-500,33024.66,Revenue,License Revenue - Sales - APAC
1626,20241119,4005,10,CC-500,36974.51,Revenue,License Revenue - Sales - EMEA
1627,20241116,4010,1,CC-400,5169.41,Revenue,Interest Income - Sales
1628,20241108,4010,2,CC-500,5653.14,Revenue,Interest Income - Marketing
1629,20241101,4010,9,CC-200,5498.83,Revenue,Interest Income - Sales - APAC
1630,20241121,4010,10,CC-400,4582.27,Revenue,Interest Income - Sales - EMEA
1631,20241112,5001,4,CC-300,95596.03,Expense,Cost of Goods Sold - Finance
1632,20241101,5001,7,CC-200,101392.45,Expense,Cost of Goods Sold - Customer Support
1633,20241117,5002,4,CC-300,21608.89,Expense,Direct Labor - Finance
1634,20241104,5002,5,CC-100,26647.43,Expense,Direct Labor - Human Resources
1635,20241113,5002,9,CC-300,28066.98,Expense,Direct Labor - Sales - APAC
1636,20241101,5002,7,CC-500,28469.94,Expense,Direct Labor - Customer Support
1637,20241116,5003,4,CC-400,28054.87,Expense,Manufacturing Overhead - Finance
1638,20241116,5003,6,CC-200,27692.82,Expense,Manufacturing Overhead - Operations
1639,20241126,6001,8,CC-400,203873.37,Expense,Salaries & Wages - Research & Development
1640,20241127,6001,9,CC-100,198117.33,Expense,Salaries & Wages - Sales - APAC
1641,20241126,6002,5,CC-300,24098.67,Expense,Employee Benefits - Human Resources
1642,20241103,6002,6,CC-300,27266.34,Expense,Employee Benefits - Operations
1643,20241127,6002,1,CC-300,27765.88,Expense,Employee Benefits - Sales
1644,20241121,6002,2,CC-400,18991.47,Expense,Employee Benefits - Marketing
1645,20241123,6003,3,CC-300,12806.91,Expense,Rent & Facilities - Engineering
1646,20241109,6003,7,CC-100,17289.81,Expense,Rent & Facilities - Customer Support
1647,20241108,6003,10,CC-400,14603.91,Expense,Rent & Facilities - Sales - EMEA
1648,20241107,6003,5,CC-300,14348.08,Expense,Rent & Facilities - Human Resources
1649,20241103,6004,5,CC-200,3676.13,Expense,Utilities - Human Resources
1650,20241126,6004,3,CC-100,3225.78,Expense,Utilities - Engineering
1651,20241105,6004,2,CC-500,3277.12,Expense,Utilities - Marketing
1652,20241124,6004,9,CC-400,2891.08,Expense,Utilities - Sales - APAC
1653,20241122,6005,5,CC-500,23692.34,Expense,Marketing & Advertising - Human Resources
1654,20241124,6005,6,CC-200,24689.94,Expense,Marketing & Advertising - Operations
1655,20241123,6005,3,CC-400,16801.56,Expense,Marketing & Advertising - Engineering
1656,20241101,6005,7,CC-100,23634.68,Expense,Marketing & Advertising - Customer Support
1657,20241104,6006,1,CC-100,9045.21,Expense,Travel & Entertainment - Sales
1658,20241101,6006,2,CC-300,9242.12,Expense,Travel & Entertainment - Marketing
1659,20241121,6006,6,CC-300,9451.05,Expense,Travel & Entertainment - Operations
1660,20241118,6007,6,CC-300,16882.6,Expense,Professional Services - Operations
1661,20241122,6007,4,CC-400,17857.45,Expense,Professional Services - Finance
1662,20241101,6008,5,CC-100,21359.21,Expense,Software & Technology - Human Resources
1663,20241117,6008,3,CC-500,29287.15,Expense,Software & Technology - Engineering
1664,20241109,6009,4,CC-300,11375.54,Expense,Depreciation - Finance
1665,20241119,6009,9,CC-300,10365.14,Expense,Depreciation - Sales - APAC
1666,20241118,6010,3,CC-300,9153.06,Expense,Insurance - Engineering
1667,20241101,6010,2,CC-200,9676.84,Expense,Insurance - Marketing
1668,20241113,6011,1,CC-400,2409.79,Expense,Office Supplies - Sales
1669,20241119,6011,2,CC-500,2556.67,Expense,Office Supplies - Marketing
1670,20241120,6011,7,CC-400,3085.25,Expense,Office Supplies - Customer Support
1671,20241103,6012,5,CC-500,5968.38,Expense,Training & Development - Human Resources
1672,20241119,6012,6,CC-400,6542.1,Expense,Training & Development - Operations
1673,20241104,6012,4,CC-400,4689.95,Expense,Training & Development - Finance
1674,20241105,7001,5,CC-200,21275.48,Expense,Income Tax - Human Resources
1675,20241109,7001,8,CC-500,27275.78,Expense,Income Tax - Research & Development
1676,20241106,7001,9,CC-400,27769.28,Expense,Income Tax - Sales - APAC
1677,20241226,4001,1,CC-300,178259.31,Revenue,Product Sales - Sales
1678,20241215,4001,2,CC-300,186391.69,Revenue,Product Sales - Marketing
1679,20241216,4001,9,CC-100,167557.14,Revenue,Product Sales - Sales - APAC
1680,20241215,4001,10,CC-400,148655.23,Revenue,Product Sales - Sales - EMEA
1681,20241225,4002,1,CC-300,115505.33,Revenue,Service Revenue - Sales
1682,20241205,4002,2,CC-500,99897.28,Revenue,Service Revenue - Marketing
1683,20241227,4002,9,CC-400,104899.58,Revenue,Service Revenue - Sales - APAC
1684,20241211,4002,10,CC-100,111377.1,Revenue,Service Revenue - Sales - EMEA
1685,20241226,4003,1,CC-100,68408.24,Revenue,Subscription Revenue - Sales
1686,20241213,4003,2,CC-400,63281.25,Revenue,Subscription Revenue - Marketing
1687,20241220,4003,9,CC-200,69102.24,Revenue,Subscription Revenue - Sales - APAC
1688,20241216,4003,10,CC-200,62102.04,Revenue,Subscription Revenue - Sales - EMEA
1689,20241207,4004,1,CC-300,43286.75,Revenue,Consulting Revenue - Sales
1690,20241214,4004,2,CC-500,49073.74,Revenue,Consulting Revenue - Marketing
1691,20241219,4004,9,CC-400,48675.44,Revenue,Consulting Revenue - Sales - APAC
1692,20241223,4004,10,CC-500,48715.98,Revenue,Consulting Revenue - Sales - EMEA
1693,20241224,4005,1,CC-100,32695.8,Revenue,License Revenue - Sales
1694,20241227,4005,2,CC-500,40095.75,Revenue,License Revenue - Marketing
1695,20241220,4005,9,CC-500,35363.84,Revenue,License Revenue - Sales - APAC
1696,20241204,4005,10,CC-500,35111.16,Revenue,License Revenue - Sales - EMEA
1697,20241210,4010,1,CC-200,6147.85,Revenue,Interest Income - Sales
1698,20241220,4010,2,CC-100,6372.99,Revenue,Interest Income - Marketing
1699,20241225,4010,9,CC-500,4948.21,Revenue,Interest Income - Sales - APAC
1700,20241216,4010,10,CC-300,6144.22,Revenue,Interest Income - Sales - EMEA
1701,20241225,5001,1,CC-500,42350.55,Expense,Cost of Goods Sold - Sales
1702,20241225,5001,2,CC-100,52195.43,Expense,Cost of Goods Sold - Marketing
1703,20241215,5001,4,CC-200,42505.16,Expense,Cost of Goods Sold - Finance
1704,20241220,5001,7,CC-400,50118.87,Expense,Cost of Goods Sold - Customer Support
1705,20241219,5002,8,CC-300,30069.09,Expense,Direct Labor - Research & Development
1706,20241214,5002,4,CC-300,29200.92,Expense,Direct Labor - Finance
1707,20241203,5002,9,CC-300,28400.92,Expense,Direct Labor - Sales - APAC
1708,20241217,5002,6,CC-500,26989.5,Expense,Direct Labor - Operations
1709,20241202,5003,3,CC-500,15636.87,Expense,Manufacturing Overhead - Engineering
1710,20241227,5003,5,CC-500,13205.57,Expense,Manufacturing Overhead - Human Resources
1711,20241228,5003,1,CC-100,19659.4,Expense,Manufacturing Overhead - Sales
1712,20241221,6001,1,CC-400,126824.28,Expense,Salaries & Wages - Sales
1713,20241213,6001,4,CC-400,108797.44,Expense,Salaries & Wages - Finance
1714,20241207,6001,7,CC-500,111774.79,Expense,Salaries & Wages - Customer Support
1715,20241227,6002,3,CC-300,23893.19,Expense,Employee Benefits - Engineering
1716,20241228,6002,8,CC-300,22601.15,Expense,Employee Benefits - Research & Development
1717,20241201,6002,10,CC-200,24965.12,Expense,Employee Benefits - Sales - EMEA
1718,20241205,6002,2,CC-100,19370.83,Expense,Employee Benefits - Marketing
1719,20241228,6003,8,CC-400,12930.18,Expense,Rent & Facilities - Research & Development
1720,20241214,6003,7,CC-500,14858.97,Expense,Rent & Facilities - Customer Support
1721,20241217,6003,3,CC-400,15870.65,Expense,Rent & Facilities - Engineering
1722,20241213,6003,1,CC-400,14665.95,Expense,Rent & Facilities - Sales
1723,20241216,6004,4,CC-500,4584.05,Expense,Utilities - Finance
1724,20241223,6004,3,CC-200,5010.37,Expense,Utilities - Engineering
1725,20241218,6004,7,CC-400,4403.04,Expense,Utilities - Customer Support
1726,20241204,6005,6,CC-300,20486.96,Expense,Marketing & Advertising - Operations
1727,20241205,6005,1,CC-100,21287.22,Expense,Marketing & Advertising - Sales
1728,20241228,6005,9,CC-500,22524.03,Expense,Marketing & Advertising - Sales - APAC
1729,20241215,6005,5,CC-300,24615.26,Expense,Marketing & Advertising - Human Resources
1730,20241222,6006,2,CC-100,6799.24,Expense,Travel & Entertainment - Marketing
1731,20241210,6006,9,CC-500,7242.64,Expense,Travel & Entertainment - Sales - APAC
1732,20241218,6006,10,CC-300,7185.86,Expense,Travel & Entertainment - Sales - EMEA
1733,20241215,6006,8,CC-400,7640.95,Expense,Travel & Entertainment - Research & Development
1734,20241210,6007,8,CC-300,11398.24,Expense,Professional Services - Research & Development
1735,20241224,6007,6,CC-500,8344.91,Expense,Professional Services - Operations
1736,20241209,6007,7,CC-500,8870.67,Expense,Professional Services - Customer Support
1737,20241219,6007,3,CC-400,7936.46,Expense,Professional Services - Engineering
1738,20241226,6008,10,CC-300,26297.57,Expense,Software & Technology - Sales - EMEA
1739,20241210,6008,1,CC-100,27100.06,Expense,Software & Technology - Sales
1740,20241209,6009,2,CC-300,9200.66,Expense,Depreciation - Marketing
1741,20241209,6009,3,CC-300,6880.99,Expense,Depreciation - Engineering
1742,20241224,6009,10,CC-100,9221.36,Expense,Depreciation - Sales - EMEA
1743,20241222,6010,10,CC-200,11524.12,Expense,Insurance - Sales - EMEA
1744,20241209,6010,3,CC-200,9688.75,Expense,Insurance - Engineering
1745,20241211,6011,4,CC-100,2224.1,Expense,Office Supplies - Finance
1746,20241220,6011,8,CC-200,2625.98,Expense,Office Supplies - Research & Development
1747,20241227,6011,3,CC-200,2581.87,Expense,Office Supplies - Engineering
1748,20241225,6011,7,CC-400,2196.43,Expense,Office Supplies - Customer Support
1749,20241202,6012,4,CC-300,4863.88,Expense,Training & Development - Finance
1750,20241202,6012,8,CC-100,5812.97,Expense,Training & Development - Research & Development
1751,20241216,6012,3,CC-400,4768.72,Expense,Training & Development - Engineering
1752,20241216,7001,8,CC-400,22687.43,Expense,Income Tax - Research & Development
1753,20241228,7001,9,CC-500,21570.36,Expense,Income Tax - Sales - APAC
1754,20241226,7001,4,CC-300,23211.13,Expense,Income Tax - Finance
1755,20250117,4001,1,CC-300,122403.83,Revenue,Product Sales - Sales
1756,20250104,4001,2,CC-100,131132.64,Revenue,Product Sales - Marketing
1757,20250128,4001,9,CC-300,139890.55,Revenue,Product Sales - Sales - APAC
1758,20250111,4001,10,CC-300,121768.54,Revenue,Product Sales - Sales - EMEA
1759,20250109,4002,1,CC-100,72020.42,Revenue,Service Revenue - Sales
1760,20250115,4002,2,CC-400,80931.54,Revenue,Service Revenue - Marketing
1761,20250124,4002,9,CC-200,83688.47,Revenue,Service Revenue - Sales - APAC
1762,20250117,4002,10,CC-200,81338.7,Revenue,Service Revenue - Sales - EMEA
1763,20250111,4003,1,CC-200,47299.51,Revenue,Subscription Revenue - Sales
1764,20250127,4003,2,CC-100,50435.26,Revenue,Subscription Revenue - Marketing
1765,20250104,4003,9,CC-400,43279.92,Revenue,Subscription Revenue - Sales - APAC
1766,20250112,4003,10,CC-400,50101.88,Revenue,Subscription Revenue - Sales - EMEA
1767,20250109,4004,1,CC-300,30359.6,Revenue,Consulting Revenue - Sales
1768,20250120,4004,2,CC-100,30097.68,Revenue,Consulting Revenue - Marketing
1769,20250122,4004,9,CC-500,29091.86,Revenue,Consulting Revenue - Sales - APAC
1770,20250120,4004,10,CC-200,37068.0,Revenue,Consulting Revenue - Sales - EMEA
1771,20250103,4005,1,CC-100,27330.89,Revenue,License Revenue - Sales
1772,20250113,4005,2,CC-200,29050.05,Revenue,License Revenue - Marketing
1773,20250126,4005,9,CC-500,27475.06,Revenue,License Revenue - Sales - APAC
1774,20250123,4005,10,CC-100,29921.8,Revenue,License Revenue - Sales - EMEA
1775,20250115,4010,1,CC-300,3751.25,Revenue,Interest Income - Sales
1776,20250121,4010,2,CC-100,4343.24,Revenue,Interest Income - Marketing
1777,20250125,4010,9,CC-300,4085.87,Revenue,Interest Income - Sales - APAC
1778,20250109,4010,10,CC-300,4052.98,Revenue,Interest Income - Sales - EMEA
1779,20250113,5001,2,CC-400,119970.98,Expense,Cost of Goods Sold - Marketing
1780,20250109,5001,5,CC-100,100770.68,Expense,Cost of Goods Sold - Human Resources
1781,20250120,5002,3,CC-200,37874.17,Expense,Direct Labor - Engineering
1782,20250104,5002,8,CC-400,36368.04,Expense,Direct Labor - Research & Development
1783,20250107,5002,2,CC-400,32586.86,Expense,Direct Labor - Marketing
1784,20250119,5003,2,CC-100,10988.25,Expense,Manufacturing Overhead - Marketing
1785,20250101,5003,8,CC-400,14728.74,Expense,Manufacturing Overhead - Research & Development
1786,20250121,5003,5,CC-200,15641.17,Expense,Manufacturing Overhead - Human Resources
1787,20250122,5003,1,CC-100,14257.81,Expense,Manufacturing Overhead - Sales
1788,20250101,6001,5,CC-500,148716.42,Expense,Salaries & Wages - Human Resources
1789,20250116,6001,3,CC-400,128787.61,Expense,Salaries & Wages - Engineering
1790,20250118,6001,6,CC-100,124726.15,Expense,Salaries & Wages - Operations
1791,20250104,6002,1,CC-400,60264.77,Expense,Employee Benefits - Sales
1792,20250111,6002,7,CC-300,52371.78,Expense,Employee Benefits - Customer Support
1793,20250112,6003,5,CC-100,19780.3,Expense,Rent & Facilities - Human Resources
1794,20250103,6003,7,CC-300,16728.53,Expense,Rent & Facilities - Customer Support
1795,20250121,6003,1,CC-300,18751.8,Expense,Rent & Facilities - Sales
1796,20250102,6003,6,CC-500,14540.6,Expense,Rent & Facilities - Operations
1797,20250116,6004,4,CC-300,5561.2,Expense,Utilities - Finance
1798,20250124,6004,5,CC-400,4002.94,Expense,Utilities - Human Resources
1799,20250107,6004,7,CC-100,4203.77,Expense,Utilities - Customer Support
1800,20250126,6005,10,CC-100,44806.19,Expense,Marketing & Advertising - Sales - EMEA
1801,20250116,6005,4,CC-300,45729.94,Expense,Marketing & Advertising - Finance
1802,20250113,6006,8,CC-100,6168.16,Expense,Travel & Entertainment - Research & Development
1803,20250115,6006,1,CC-500,6354.56,Expense,Travel & Entertainment - Sales
1804,20250105,6006,9,CC-500,8820.27,Expense,Travel & Entertainment - Sales - APAC
1805,20250103,6006,3,CC-200,8223.15,Expense,Travel & Entertainment - Engineering
1806,20250120,6007,3,CC-400,22292.18,Expense,Professional Services - Engineering
1807,20250101,6007,8,CC-200,17184.73,Expense,Professional Services - Research & Development
1808,20250115,6008,1,CC-100,30463.98,Expense,Software & Technology - Sales
1809,20250103,6008,5,CC-500,28201.24,Expense,Software & Technology - Human Resources
1810,20250108,6009,2,CC-500,13701.48,Expense,Depreciation - Marketing
1811,20250114,6009,8,CC-200,10893.22,Expense,Depreciation - Research & Development
1812,20250118,6010,7,CC-500,8570.46,Expense,Insurance - Customer Support
1813,20250125,6010,6,CC-200,6155.51,Expense,Insurance - Operations
1814,20250111,6010,2,CC-200,5891.29,Expense,Insurance - Marketing
1815,20250106,6011,2,CC-400,4111.17,Expense,Office Supplies - Marketing
1816,20250106,6011,5,CC-500,5176.89,Expense,Office Supplies - Human Resources
1817,20250113,6012,4,CC-500,5039.92,Expense,Training & Development - Finance
1818,20250116,6012,1,CC-100,6666.39,Expense,Training & Development - Sales
1819,20250106,6012,3,CC-100,4993.73,Expense,Training & Development - Engineering
1820,20250123,7001,10,CC-400,37693.07,Expense,Income Tax - Sales - EMEA
1821,20250121,7001,5,CC-200,33179.52,Expense,Income Tax - Human Resources
1822,20250214,4001,1,CC-400,119856.37,Revenue,Product Sales - Sales
1823,20250220,4001,2,CC-200,118632.59,Revenue,Product Sales - Marketing
1824,20250206,4001,9,CC-500,136100.52,Revenue,Product Sales - Sales - APAC
1825,20250203,4001,10,CC-500,137086.04,Revenue,Product Sales - Sales - EMEA
1826,20250212,4002,1,CC-300,83135.65,Revenue,Service Revenue - Sales
1827,20250208,4002,2,CC-500,78128.91,Revenue,Service Revenue - Marketing
1828,20250204,4002,9,CC-500,72678.27,Revenue,Service Revenue - Sales - APAC
1829,20250217,4002,10,CC-500,82936.96,Revenue,Service Revenue - Sales - EMEA
1830,20250209,4003,1,CC-200,47144.5,Revenue,Subscription Revenue - Sales
1831,20250226,4003,2,CC-100,44577.6,Revenue,Subscription Revenue - Marketing
1832,20250216,4003,9,CC-400,46062.51,Revenue,Subscription Revenue - Sales - APAC
1833,20250202,4003,10,CC-100,46481.15,Revenue,Subscription Revenue - Sales - EMEA
1834,20250207,4004,1,CC-300,35811.49,Revenue,Consulting Revenue - Sales
1835,20250220,4004,2,CC-300,33647.38,Revenue,Consulting Revenue - Marketing
1836,20250202,4004,9,CC-400,37461.86,Revenue,Consulting Revenue - Sales - APAC
1837,20250218,4004,10,CC-100,30247.12,Revenue,Consulting Revenue - Sales - EMEA
1838,20250216,4005,1,CC-100,24528.16,Revenue,License Revenue - Sales
1839,20250208,4005,2,CC-100,27291.48,Revenue,License Revenue - Marketing
1840,20250219,4005,9,CC-500,28974.66,Revenue,License Revenue - Sales - APAC
1841,20250224,4005,10,CC-200,25751.5,Revenue,License Revenue - Sales - EMEA
1842,20250208,4010,1,CC-300,4517.61,Revenue,Interest Income - Sales
1843,20250208,4010,2,CC-300,4649.04,Revenue,Interest Income - Marketing
1844,20250228,4010,9,CC-400,3772.71,Revenue,Interest Income - Sales - APAC
1845,20250203,4010,10,CC-200,3903.84,Revenue,Interest Income - Sales - EMEA
1846,20250207,5001,10,CC-200,83246.08,Expense,Cost of Goods Sold - Sales - EMEA
1847,20250206,5001,8,CC-400,84323.15,Expense,Cost of Goods Sold - Research & Development
1848,20250215,5001,1,CC-200,68755.11,Expense,Cost of Goods Sold - Sales
1849,20250223,5002,4,CC-100,26629.16,Expense,Direct Labor - Finance
1850,20250205,5002,6,CC-300,29282.79,Expense,Direct Labor - Operations
1851,20250215,5002,5,CC-400,24066.65,Expense,Direct Labor - Human Resources
1852,20250208,5002,2,CC-300,27567.75,Expense,Direct Labor - Marketing
1853,20250228,5003,10,CC-500,18562.47,Expense,Manufacturing Overhead - Sales - EMEA
1854,20250228,5003,3,CC-400,16053.86,Expense,Manufacturing Overhead - Engineering
1855,20250219,5003,9,CC-200,18156.74,Expense,Manufacturing Overhead - Sales - APAC
1856,20250208,6001,8,CC-200,139776.91,Expense,Salaries & Wages - Research & Development
1857,20250208,6001,5,CC-500,119157.55,Expense,Salaries & Wages - Human Resources
1858,20250205,6001,1,CC-500,148061.32,Expense,Salaries & Wages - Sales
1859,20250202,6002,1,CC-500,30510.99,Expense,Employee Benefits - Sales
1860,20250216,6002,7,CC-400,24742.12,Expense,Employee Benefits - Customer Support
1861,20250215,6002,10,CC-100,28659.11,Expense,Employee Benefits - Sales - EMEA
1862,20250218,6002,8,CC-100,25451.91,Expense,Employee Benefits - Research & Development
1863,20250208,6003,7,CC-300,28151.8,Expense,Rent & Facilities - Customer Support
1864,20250201,6003,4,CC-100,34948.85,Expense,Rent & Facilities - Finance
1865,20250201,6004,5,CC-500,5487.21,Expense,Utilities - Human Resources
1866,20250225,6004,3,CC-400,5714.73,Expense,Utilities - Engineering
1867,20250206,6004,8,CC-400,4106.16,Expense,Utilities - Research & Development
1868,20250217,6005,8,CC-300,28618.55,Expense,Marketing & Advertising - Research & Development
1869,20250225,6005,1,CC-400,24392.57,Expense,Marketing & Advertising - Sales
1870,20250218,6005,2,CC-500,27237.47,Expense,Marketing & Advertising - Marketing
1871,20250222,6006,4,CC-500,8796.73,Expense,Travel & Entertainment - Finance
1872,20250204,6006,2,CC-100,7091.97,Expense,Travel & Entertainment - Marketing
1873,20250220,6006,6,CC-400,7148.86,Expense,Travel & Entertainment - Operations
1874,20250206,6006,8,CC-300,6122.62,Expense,Travel & Entertainment - Research & Development
1875,20250218,6007,9,CC-200,12521.26,Expense,Professional Services - Sales - APAC
1876,20250224,6007,2,CC-400,8876.94,Expense,Professional Services - Marketing
1877,20250228,6007,4,CC-500,12344.42,Expense,Professional Services - Finance
1878,20250225,6007,10,CC-200,12428.24,Expense,Professional Services - Sales - EMEA
1879,20250209,6008,4,CC-400,13519.26,Expense,Software & Technology - Finance
1880,20250212,6008,6,CC-300,11094.08,Expense,Software & Technology - Operations
1881,20250217,6008,9,CC-500,13243.02,Expense,Software & Technology - Sales - APAC
1882,20250223,6008,3,CC-400,15279.62,Expense,Software & Technology - Engineering
1883,20250207,6009,9,CC-100,6251.91,Expense,Depreciation - Sales - APAC
1884,20250203,6009,5,CC-400,7634.62,Expense,Depreciation - Human Resources
1885,20250210,6009,8,CC-200,5491.65,Expense,Depreciation - Research & Development
1886,20250204,6009,10,CC-100,7809.8,Expense,Depreciation - Sales - EMEA
1887,20250205,6010,5,CC-400,11651.39,Expense,Insurance - Human Resources
1888,20250221,6010,2,CC-500,12419.97,Expense,Insurance - Marketing
1889,20250205,6011,5,CC-500,5701.58,Expense,Office Supplies - Human Resources
1890,20250215,6011,7,CC-400,4749.9,Expense,Office Supplies - Customer Support
1891,20250227,6012,1,CC-200,3639.67,Expense,Training & Development - Sales
1892,20250214,6012,5,CC-300,5305.41,Expense,Training & Development - Human Resources
1893,20250216,6012,4,CC-300,4641.67,Expense,Training & Development - Finance
1894,20250227,6012,10,CC-500,4668.04,Expense,Training & Development - Sales - EMEA
1895,20250206,7001,8,CC-300,16629.24,Expense,Income Tax - Research & Development
1896,20250216,7001,10,CC-200,21756.29,Expense,Income Tax - Sales - EMEA
1897,20250225,7001,5,CC-300,18500.84,Expense,Income Tax - Human Resources
1898,20250212,7001,9,CC-200,22195.01,Expense,Income Tax - Sales - APAC
1899,20250320,4001,1,CC-200,129950.27,Revenue,Product Sales - Sales
1900,20250310,4001,2,CC-500,156615.84,Revenue,Product Sales - Marketing
1901,20250327,4001,9,CC-200,125694.55,Revenue,Product Sales - Sales - APAC
1902,20250306,4001,10,CC-200,147611.83,Revenue,Product Sales - Sales - EMEA
1903,20250311,4002,1,CC-100,79652.57,Revenue,Service Revenue - Sales
1904,20250309,4002,2,CC-400,88382.81,Revenue,Service Revenue - Marketing
1905,20250318,4002,9,CC-200,83069.95,Revenue,Service Revenue - Sales - APAC
1906,20250312,4002,10,CC-300,91822.03,Revenue,Service Revenue - Sales - EMEA
1907,20250318,4003,1,CC-400,49705.35,Revenue,Subscription Revenue - Sales
1908,20250310,4003,2,CC-500,63502.2,Revenue,Subscription Revenue - Marketing
1909,20250313,4003,9,CC-100,49264.29,Revenue,Subscription Revenue - Sales - APAC
1910,20250315,4003,10,CC-200,62762.0,Revenue,Subscription Revenue - Sales - EMEA
1911,20250301,4004,1,CC-200,41805.12,Revenue,Consulting Revenue - Sales
1912,20250317,4004,2,CC-500,42275.72,Revenue,Consulting Revenue - Marketing
1913,20250316,4004,9,CC-300,35174.68,Revenue,Consulting Revenue - Sales - APAC
1914,20250322,4004,10,CC-500,41451.29,Revenue,Consulting Revenue - Sales - EMEA
1915,20250324,4005,1,CC-500,26225.81,Revenue,License Revenue - Sales
1916,20250311,4005,2,CC-400,32911.55,Revenue,License Revenue - Marketing
1917,20250302,4005,9,CC-400,30995.63,Revenue,License Revenue - Sales - APAC
1918,20250304,4005,10,CC-500,26158.4,Revenue,License Revenue - Sales - EMEA
1919,20250320,4010,1,CC-400,4364.6,Revenue,Interest Income - Sales
1920,20250312,4010,2,CC-400,5104.86,Revenue,Interest Income - Marketing
1921,20250320,4010,9,CC-100,4065.05,Revenue,Interest Income - Sales - APAC
1922,20250317,4010,10,CC-500,4827.59,Revenue,Interest Income - Sales - EMEA
1923,20250328,5001,5,CC-500,87374.1,Expense,Cost of Goods Sold - Human Resources
1924,20250317,5001,4,CC-100,105643.79,Expense,Cost of Goods Sold - Finance
1925,20250302,5002,4,CC-500,39568.21,Expense,Direct Labor - Finance
1926,20250313,5002,8,CC-300,44208.39,Expense,Direct Labor - Research & Development
1927,20250312,5002,6,CC-400,32648.78,Expense,Direct Labor - Operations
1928,20250315,5003,6,CC-300,16883.43,Expense,Manufacturing Overhead - Operations
1929,20250307,5003,1,CC-100,20694.97,Expense,Manufacturing Overhead - Sales
1930,20250324,5003,5,CC-400,19640.54,Expense,Manufacturing Overhead - Human Resources
1931,20250324,6001,8,CC-400,143650.45,Expense,Salaries & Wages - Research & Development
1932,20250327,6001,5,CC-200,148297.16,Expense,Salaries & Wages - Human Resources
1933,20250305,6001,3,CC-100,132463.62,Expense,Salaries & Wages - Engineering
1934,20250311,6002,5,CC-500,60963.0,Expense,Employee Benefits - Human Resources
1935,20250325,6002,8,CC-500,42148.76,Expense,Employee Benefits - Research & Development
1936,20250314,6003,2,CC-300,23221.49,Expense,Rent & Facilities - Marketing
1937,20250323,6003,1,CC-400,19139.06,Expense,Rent & Facilities - Sales
1938,20250307,6003,7,CC-200,22597.66,Expense,Rent & Facilities - Customer Support
1939,20250327,6004,7,CC-100,7355.14,Expense,Utilities - Customer Support
1940,20250310,6004,5,CC-500,8139.6,Expense,Utilities - Human Resources
1941,20250305,6005,9,CC-100,24322.08,Expense,Marketing & Advertising - Sales - APAC
1942,20250304,6005,8,CC-400,27152.12,Expense,Marketing & Advertising - Research & Development
1943,20250314,6005,4,CC-300,31845.76,Expense,Marketing & Advertising - Finance
1944,20250316,6006,8,CC-300,12170.66,Expense,Travel & Entertainment - Research & Development
1945,20250320,6006,4,CC-100,17966.0,Expense,Travel & Entertainment - Finance
1946,20250323,6007,6,CC-400,9483.23,Expense,Professional Services - Operations
1947,20250317,6007,8,CC-300,11836.78,Expense,Professional Services - Research & Development
1948,20250328,6007,7,CC-100,11478.42,Expense,Professional Services - Customer Support
1949,20250302,6007,9,CC-500,9490.06,Expense,Professional Services - Sales - APAC
1950,20250312,6008,6,CC-200,31085.83,Expense,Software & Technology - Operations
1951,20250312,6008,8,CC-300,23363.74,Expense,Software & Technology - Research & Development
1952,20250317,6009,6,CC-100,8066.66,Expense,Depreciation - Operations
1953,20250325,6009,1,CC-200,7722.23,Expense,Depreciation - Sales
1954,20250318,6009,5,CC-200,7372.67,Expense,Depreciation - Human Resources
1955,20250304,6010,6,CC-300,7734.08,Expense,Insurance - Operations
1956,20250327,6010,5,CC-300,7299.13,Expense,Insurance - Human Resources
1957,20250317,6010,9,CC-200,6173.91,Expense,Insurance - Sales - APAC
1958,20250304,6011,6,CC-200,2995.6,Expense,Office Supplies - Operations
1959,20250308,6011,8,CC-500,2838.88,Expense,Office Supplies - Research & Development
1960,20250320,6011,7,CC-500,3624.41,Expense,Office Supplies - Customer Support
1961,20250304,6012,9,CC-100,4428.88,Expense,Training & Development - Sales - APAC
1962,20250316,6012,10,CC-100,5073.92,Expense,Training & Development - Sales - EMEA
1963,20250305,6012,2,CC-300,4226.78,Expense,Training & Development - Marketing
1964,20250317,6012,4,CC-500,5070.67,Expense,Training & Development - Finance
1965,20250308,7001,3,CC-100,28542.39,Expense,Income Tax - Engineering
1966,20250323,7001,5,CC-200,22138.63,Expense,Income Tax - Human Resources
1967,20250307,7001,1,CC-200,23156.37,Expense,Income Tax - Sales
1968,20250414,4001,1,CC-100,130025.83,Revenue,Product Sales - Sales
1969,20250403,4001,2,CC-100,154622.15,Revenue,Product Sales - Marketing
1970,20250425,4001,9,CC-400,125137.63,Revenue,Product Sales - Sales - APAC
1971,20250404,4001,10,CC-200,143233.48,Revenue,Product Sales - Sales - EMEA
1972,20250419,4002,1,CC-500,78245.24,Revenue,Service Revenue - Sales
1973,20250409,4002,2,CC-100,78967.94,Revenue,Service Revenue - Marketing
1974,20250422,4002,9,CC-300,78531.58,Revenue,Service Revenue - Sales - APAC
1975,20250426,4002,10,CC-100,77630.44,Revenue,Service Revenue - Sales - EMEA
1976,20250407,4003,1,CC-500,51897.58,Revenue,Subscription Revenue - Sales
1977,20250406,4003,2,CC-200,60037.43,Revenue,Subscription Revenue - Marketing
1978,20250403,4003,9,CC-100,61494.04,Revenue,Subscription Revenue - Sales - APAC
1979,20250419,4003,10,CC-300,52279.52,Revenue,Subscription Revenue - Sales - EMEA
1980,20250428,4004,1,CC-200,37219.69,Revenue,Consulting Revenue - Sales
1981,20250408,4004,2,CC-500,39007.42,Revenue,Consulting Revenue - Marketing
1982,20250404,4004,9,CC-100,39057.44,Revenue,Consulting Revenue - Sales - APAC
1983,20250417,4004,10,CC-100,42739.16,Revenue,Consulting Revenue - Sales - EMEA
1984,20250410,4005,1,CC-200,28253.69,Revenue,License Revenue - Sales
1985,20250401,4005,2,CC-500,27834.8,Revenue,License Revenue - Marketing
1986,20250407,4005,9,CC-100,35261.53,Revenue,License Revenue - Sales - APAC
1987,20250412,4005,10,CC-400,34769.67,Revenue,License Revenue - Sales - EMEA
1988,20250415,4010,1,CC-200,5164.77,Revenue,Interest Income - Sales
1989,20250406,4010,2,CC-100,5128.78,Revenue,Interest Income - Marketing
1990,20250414,4010,9,CC-400,5364.56,Revenue,Interest Income - Sales - APAC
1991,20250414,4010,10,CC-200,4457.13,Revenue,Interest Income - Sales - EMEA
1992,20250405,5001,6,CC-500,106526.95,Expense,Cost of Goods Sold - Operations
1993,20250423,5001,2,CC-300,107819.25,Expense,Cost of Goods Sold - Marketing
1994,20250413,5002,9,CC-100,35387.35,Expense,Direct Labor - Sales - APAC
1995,20250424,5002,1,CC-500,34710.89,Expense,Direct Labor - Sales
1996,20250408,5002,2,CC-400,35142.51,Expense,Direct Labor - Marketing
1997,20250422,5003,7,CC-400,15426.58,Expense,Manufacturing Overhead - Customer Support
1998,20250422,5003,5,CC-100,12784.18,Expense,Manufacturing Overhead - Human Resources
1999,20250413,5003,10,CC-100,13454.9,Expense,Manufacturing Overhead - Sales - EMEA
2000,20250404,5003,2,CC-100,13165.52,Expense,Manufacturing Overhead - Marketing
2001,20250424,6001,7,CC-100,206978.85,Expense,Salaries & Wages - Customer Support
2002,20250403,6001,10,CC-200,224662.3,Expense,Salaries & Wages - Sales - EMEA
2003,20250404,6002,4,CC-400,35291.47,Expense,Employee Benefits - Finance
2004,20250424,6002,6,CC-400,30367.03,Expense,Employee Benefits - Operations
2005,20250419,6002,10,CC-500,33987.9,Expense,Employee Benefits - Sales - EMEA
2006,20250416,6003,7,CC-400,23466.76,Expense,Rent & Facilities - Customer Support
2007,20250425,6003,6,CC-200,22100.45,Expense,Rent & Facilities - Operations
2008,20250409,6003,8,CC-100,21600.79,Expense,Rent & Facilities - Research & Development
2009,20250427,6004,8,CC-100,3897.07,Expense,Utilities - Research & Development
2010,20250406,6004,4,CC-100,3971.0,Expense,Utilities - Finance
2011,20250405,6004,3,CC-300,4574.66,Expense,Utilities - Engineering
2012,20250425,6005,10,CC-500,31932.97,Expense,Marketing & Advertising - Sales - EMEA
2013,20250407,6005,2,CC-400,29906.25,Expense,Marketing & Advertising - Marketing
2014,20250416,6005,9,CC-400,27522.76,Expense,Marketing & Advertising - Sales - APAC
2015,20250401,6006,5,CC-500,8579.02,Expense,Travel & Entertainment - Human Resources
2016,20250414,6006,9,CC-100,8857.74,Expense,Travel & Entertainment - Sales - APAC
2017,20250413,6006,6,CC-100,8640.38,Expense,Travel & Entertainment - Operations
2018,20250415,6006,7,CC-400,7350.35,Expense,Travel & Entertainment - Customer Support
2019,20250423,6007,1,CC-300,14317.33,Expense,Professional Services - Sales
2020,20250405,6007,10,CC-400,12119.21,Expense,Professional Services - Sales - EMEA
2021,20250416,6007,3,CC-400,12949.77,Expense,Professional Services - Engineering
2022,20250419,6008,10,CC-500,28728.85,Expense,Software & Technology - Sales - EMEA
2023,20250428,6008,8,CC-500,26674.04,Expense,Software & Technology - Research & Development
2024,20250419,6009,9,CC-400,12626.51,Expense,Depreciation - Sales - APAC
2025,20250422,6009,1,CC-500,15686.2,Expense,Depreciation - Sales
2026,20250405,6010,5,CC-100,5841.06,Expense,Insurance - Human Resources
2027,20250426,6010,6,CC-300,8170.37,Expense,Insurance - Operations
2028,20250425,6010,1,CC-100,7897.12,Expense,Insurance - Sales
2029,20250414,6011,6,CC-300,2251.34,Expense,Office Supplies - Operations
2030,20250408,6011,7,CC-200,2257.22,Expense,Office Supplies - Customer Support
2031,20250419,6011,2,CC-300,2145.24,Expense,Office Supplies - Marketing
2032,20250428,6011,4,CC-100,2001.54,Expense,Office Supplies - Finance
2033,20250402,6012,2,CC-300,4847.31,Expense,Training & Development - Marketing
2034,20250419,6012,6,CC-400,5906.18,Expense,Training & Development - Operations
2035,20250409,6012,3,CC-400,6035.42,Expense,Training & Development - Engineering
2036,20250419,7001,8,CC-400,46577.93,Expense,Income Tax - Research & Development
2037,20250404,7001,1,CC-500,37288.69,Expense,Income Tax - Sales
2038,20250523,4001,1,CC-100,162973.38,Revenue,Product Sales - Sales
2039,20250516,4001,2,CC-300,157011.67,Revenue,Product Sales - Marketing
2040,20250506,4001,9,CC-300,149298.9,Revenue,Product Sales - Sales - APAC
2041,20250514,4001,10,CC-300,154313.83,Revenue,Product Sales - Sales - EMEA
2042,20250527,4002,1,CC-100,84515.17,Revenue,Service Revenue - Sales
2043,20250510,4002,2,CC-200,102575.41,Revenue,Service Revenue - Marketing
2044,20250519,4002,9,CC-300,86280.51,Revenue,Service Revenue - Sales - APAC
2045,20250520,4002,10,CC-200,90091.85,Revenue,Service Revenue - Sales - EMEA
2046,20250523,4003,1,CC-100,64017.94,Revenue,Subscription Revenue - Sales
2047,20250519,4003,2,CC-100,65831.29,Revenue,Subscription Revenue - Marketing
2048,20250519,4003,9,CC-100,56749.24,Revenue,Subscription Revenue - Sales - APAC
2049,20250514,4003,10,CC-400,65061.52,Revenue,Subscription Revenue - Sales - EMEA
2050,20250521,4004,1,CC-100,36316.03,Revenue,Consulting Revenue - Sales
2051,20250526,4004,2,CC-500,43643.5,Revenue,Consulting Revenue - Marketing
2052,20250511,4004,9,CC-500,37392.11,Revenue,Consulting Revenue - Sales - APAC
2053,20250509,4004,10,CC-400,36200.72,Revenue,Consulting Revenue - Sales - EMEA
2054,20250522,4005,1,CC-400,32673.13,Revenue,License Revenue - Sales
2055,20250501,4005,2,CC-200,33981.44,Revenue,License Revenue - Marketing
2056,20250528,4005,9,CC-500,32700.34,Revenue,License Revenue - Sales - APAC
2057,20250507,4005,10,CC-400,28531.0,Revenue,License Revenue - Sales - EMEA
2058,20250509,4010,1,CC-400,5212.38,Revenue,Interest Income - Sales
2059,20250526,4010,2,CC-500,5624.64,Revenue,Interest Income - Marketing
2060,20250519,4010,9,CC-400,5143.19,Revenue,Interest Income - Sales - APAC
2061,20250517,4010,10,CC-100,5310.55,Revenue,Interest Income - Sales - EMEA
2062,20250524,5001,6,CC-200,92782.53,Expense,Cost of Goods Sold - Operations
2063,20250528,5001,8,CC-300,116005.25,Expense,Cost of Goods Sold - Research & Development
2064,20250509,5002,7,CC-400,40035.7,Expense,Direct Labor - Customer Support
2065,20250509,5002,6,CC-200,42920.4,Expense,Direct Labor - Operations
2066,20250513,5002,2,CC-200,40840.19,Expense,Direct Labor - Marketing
2067,20250526,5003,2,CC-200,23672.69,Expense,Manufacturing Overhead - Marketing
2068,20250516,5003,3,CC-400,30534.07,Expense,Manufacturing Overhead - Engineering
2069,20250501,6001,7,CC-200,82919.37,Expense,Salaries & Wages - Customer Support
2070,20250522,6001,10,CC-300,86722.44,Expense,Salaries & Wages - Sales - EMEA
2071,20250524,6001,1,CC-100,97947.11,Expense,Salaries & Wages - Sales
2072,20250502,6001,2,CC-100,95456.33,Expense,Salaries & Wages - Marketing
2073,20250512,6002,6,CC-400,58490.3,Expense,Employee Benefits - Operations
2074,20250513,6002,5,CC-100,54502.11,Expense,Employee Benefits - Human Resources
2075,20250517,6003,3,CC-100,18047.57,Expense,Rent & Facilities - Engineering
2076,20250525,6003,4,CC-500,17583.83,Expense,Rent & Facilities - Finance
2077,20250516,6003,2,CC-300,19348.27,Expense,Rent & Facilities - Marketing
2078,20250520,6003,5,CC-200,19038.13,Expense,Rent & Facilities - Human Resources
2079,20250526,6004,6,CC-400,8157.12,Expense,Utilities - Operations
2080,20250514,6004,10,CC-200,7915.32,Expense,Utilities - Sales - EMEA
2081,20250515,6005,3,CC-300,39152.78,Expense,Marketing & Advertising - Engineering
2082,20250502,6005,2,CC-500,43350.76,Expense,Marketing & Advertising - Marketing
2083,20250516,6006,9,CC-400,9265.96,Expense,Travel & Entertainment - Sales - APAC
2084,20250526,6006,6,CC-300,10730.95,Expense,Travel & Entertainment - Operations
2085,20250516,6006,2,CC-300,11747.89,Expense,Travel & Entertainment - Marketing
2086,20250502,6007,6,CC-500,12460.58,Expense,Professional Services - Operations
2087,20250523,6007,5,CC-100,11934.19,Expense,Professional Services - Human Resources
2088,20250509,6007,1,CC-200,12253.32,Expense,Professional Services - Sales
2089,20250521,6007,10,CC-300,10721.46,Expense,Professional Services - Sales - EMEA
2090,20250513,6008,6,CC-100,13188.98,Expense,Software & Technology - Operations
2091,20250510,6008,2,CC-300,15808.54,Expense,Software & Technology - Marketing
2092,20250510,6008,4,CC-200,11287.35,Expense,Software & Technology - Finance
2093,20250515,6008,7,CC-200,11936.09,Expense,Software & Technology - Customer Support
2094,20250516,6009,6,CC-400,7567.41,Expense,Depreciation - Operations
2095,20250523,6009,7,CC-300,7225.53,Expense,Depreciation - Customer Support
2096,20250527,6009,1,CC-100,6395.05,Expense,Depreciation - Sales
2097,20250517,6009,3,CC-300,5703.31,Expense,Depreciation - Engineering
2098,20250524,6010,6,CC-500,11241.14,Expense,Insurance - Operations
2099,20250525,6010,7,CC-100,10051.64,Expense,Insurance - Customer Support
2100,20250501,6011,3,CC-200,5358.76,Expense,Office Supplies - Engineering
2101,20250511,6011,8,CC-300,4609.27,Expense,Office Supplies - Research & Development
2102,20250528,6012,2,CC-200,4529.46,Expense,Training & Development - Marketing
2103,20250526,6012,10,CC-400,4669.23,Expense,Training & Development - Sales - EMEA
2104,20250516,6012,3,CC-400,5290.95,Expense,Training & Development - Engineering
2105,20250509,6012,9,CC-200,5172.31,Expense,Training & Development - Sales - APAC
2106,20250503,7001,10,CC-200,43672.65,Expense,Income Tax - Sales - EMEA
2107,20250513,7001,6,CC-200,37666.14,Expense,Income Tax - Operations
2108,20250608,4001,1,CC-500,170902.32,Revenue,Product Sales - Sales
2109,20250618,4001,2,CC-100,131483.34,Revenue,Product Sales - Marketing
2110,20250603,4001,9,CC-200,160339.52,Revenue,Product Sales - Sales - APAC
2111,20250609,4001,10,CC-200,175404.96,Revenue,Product Sales - Sales - EMEA
2112,20250602,4002,1,CC-200,101319.15,Revenue,Service Revenue - Sales
2113,20250620,4002,2,CC-400,92713.17,Revenue,Service Revenue - Marketing
2114,20250612,4002,9,CC-100,88674.92,Revenue,Service Revenue - Sales - APAC
2115,20250604,4002,10,CC-500,86094.07,Revenue,Service Revenue - Sales - EMEA
2116,20250614,4003,1,CC-500,52471.35,Revenue,Subscription Revenue - Sales
2117,20250627,4003,2,CC-400,66462.33,Revenue,Subscription Revenue - Marketing
2118,20250608,4003,9,CC-100,64624.2,Revenue,Subscription Revenue - Sales - APAC
2119,20250628,4003,10,CC-200,65360.45,Revenue,Subscription Revenue - Sales - EMEA
2120,20250610,4004,1,CC-300,44800.27,Revenue,Consulting Revenue - Sales
2121,20250605,4004,2,CC-400,43977.55,Revenue,Consulting Revenue - Marketing
2122,20250620,4004,9,CC-200,40106.13,Revenue,Consulting Revenue - Sales - APAC
2123,20250624,4004,10,CC-300,37455.74,Revenue,Consulting Revenue - Sales - EMEA
2124,20250606,4005,1,CC-400,34142.02,Revenue,License Revenue - Sales
2125,20250601,4005,2,CC-200,31529.09,Revenue,License Revenue - Marketing
2126,20250608,4005,9,CC-300,30378.25,Revenue,License Revenue - Sales - APAC
2127,20250612,4005,10,CC-200,33563.26,Revenue,License Revenue - Sales - EMEA
2128,20250603,4010,1,CC-400,5246.06,Revenue,Interest Income - Sales
2129,20250628,4010,2,CC-200,4366.79,Revenue,Interest Income - Marketing
2130,20250622,4010,9,CC-400,4847.32,Revenue,Interest Income - Sales - APAC
2131,20250623,4010,10,CC-400,4676.82,Revenue,Interest Income - Sales - EMEA
2132,20250602,5001,10,CC-100,60344.05,Expense,Cost of Goods Sold - Sales - EMEA
2133,20250616,5001,5,CC-200,67186.44,Expense,Cost of Goods Sold - Human Resources
2134,20250622,5001,2,CC-500,83756.92,Expense,Cost of Goods Sold - Marketing
2135,20250613,5002,1,CC-300,29864.1,Expense,Direct Labor - Sales
2136,20250618,5002,10,CC-200,30452.39,Expense,Direct Labor - Sales - EMEA
2137,20250609,5002,5,CC-200,23268.82,Expense,Direct Labor - Human Resources
2138,20250611,5002,8,CC-400,24736.48,Expense,Direct Labor - Research & Development
2139,20250605,5003,3,CC-400,19513.84,Expense,Manufacturing Overhead - Engineering
2140,20250602,5003,2,CC-300,16274.92,Expense,Manufacturing Overhead - Marketing
2141,20250628,5003,6,CC-400,21445.32,Expense,Manufacturing Overhead - Operations
2142,20250620,6001,6,CC-300,148622.99,Expense,Salaries & Wages - Operations
2143,20250617,6001,7,CC-300,144874.97,Expense,Salaries & Wages - Customer Support
2144,20250611,6001,5,CC-200,118426.13,Expense,Salaries & Wages - Human Resources
2145,20250608,6002,8,CC-100,22326.98,Expense,Employee Benefits - Research & Development
2146,20250609,6002,3,CC-400,22268.04,Expense,Employee Benefits - Engineering
2147,20250614,6002,10,CC-400,22068.26,Expense,Employee Benefits - Sales - EMEA
2148,20250602,6002,1,CC-400,21583.45,Expense,Employee Benefits - Sales
2149,20250628,6003,6,CC-100,21628.29,Expense,Rent & Facilities - Operations
2150,20250604,6003,9,CC-200,23933.92,Expense,Rent & Facilities - Sales - APAC
2151,20250628,6003,8,CC-200,20676.52,Expense,Rent & Facilities - Research & Development
2152,20250607,6004,3,CC-500,4921.43,Expense,Utilities - Engineering
2153,20250617,6004,10,CC-100,4960.41,Expense,Utilities - Sales - EMEA
2154,20250614,6004,5,CC-200,5312.35,Expense,Utilities - Human Resources
2155,20250601,6005,4,CC-300,48184.35,Expense,Marketing & Advertising - Finance
2156,20250613,6005,8,CC-100,41117.06,Expense,Marketing & Advertising - Research & Development
2157,20250615,6006,10,CC-100,8615.1,Expense,Travel & Entertainment - Sales - EMEA
2158,20250615,6006,2,CC-400,11322.8,Expense,Travel & Entertainment - Marketing
2159,20250620,6006,6,CC-300,10513.43,Expense,Travel & Entertainment - Operations
2160,20250611,6007,1,CC-400,11013.93,Expense,Professional Services - Sales
2161,20250605,6007,6,CC-500,12379.16,Expense,Professional Services - Operations
2162,20250626,6007,10,CC-100,9287.74,Expense,Professional Services - Sales - EMEA
2163,20250626,6007,9,CC-300,11103.3,Expense,Professional Services - Sales - APAC
2164,20250603,6008,2,CC-400,31880.52,Expense,Software & Technology - Marketing
2165,20250608,6008,9,CC-200,25907.67,Expense,Software & Technology - Sales - APAC
2166,20250610,6009,2,CC-400,7613.55,Expense,Depreciation - Marketing
2167,20250604,6009,1,CC-200,9318.03,Expense,Depreciation - Sales
2168,20250624,6009,4,CC-400,8090.88,Expense,Depreciation - Finance
2169,20250617,6010,10,CC-300,7676.7,Expense,Insurance - Sales - EMEA
2170,20250613,6010,3,CC-400,6335.63,Expense,Insurance - Engineering
2171,20250620,6010,6,CC-500,7132.15,Expense,Insurance - Operations
2172,20250621,6011,2,CC-400,3345.75,Expense,Office Supplies - Marketing
2173,20250617,6011,7,CC-100,3105.3,Expense,Office Supplies - Customer Support
2174,20250622,6011,6,CC-400,2997.43,Expense,Office Supplies - Operations
2175,20250603,6012,3,CC-500,9098.2,Expense,Training & Development - Engineering
2176,20250603,6012,8,CC-400,8246.53,Expense,Training & Development - Research & Development
2177,20250627,7001,5,CC-300,27916.86,Expense,Income Tax - Human Resources
2178,20250610,7001,3,CC-400,23386.0,Expense,Income Tax - Engineering
2179,20250603,7001,9,CC-500,26712.77,Expense,Income Tax - Sales - APAC
2180,20250704,4001,1,CC-500,161267.94,Revenue,Product Sales - Sales
2181,20250704,4001,2,CC-400,143782.99,Revenue,Product Sales - Marketing
2182,20250727,4001,9,CC-500,141805.32,Revenue,Product Sales - Sales - APAC
2183,20250719,4001,10,CC-300,132720.97,Revenue,Product Sales - Sales - EMEA
2184,20250701,4002,1,CC-500,77990.66,Revenue,Service Revenue - Sales
2185,20250706,4002,2,CC-400,78851.23,Revenue,Service Revenue - Marketing
2186,20250702,4002,9,CC-400,96836.38,Revenue,Service Revenue - Sales - APAC
2187,20250711,4002,10,CC-300,78031.36,Revenue,Service Revenue - Sales - EMEA
2188,20250725,4003,1,CC-400,58829.9,Revenue,Subscription Revenue - Sales
2189,20250726,4003,2,CC-500,60258.3,Revenue,Subscription Revenue - Marketing
2190,20250707,4003,9,CC-200,53289.51,Revenue,Subscription Revenue - Sales - APAC
2191,20250709,4003,10,CC-500,51913.82,Revenue,Subscription Revenue - Sales - EMEA
2192,20250714,4004,1,CC-100,42480.95,Revenue,Consulting Revenue - Sales
2193,20250713,4004,2,CC-100,38614.16,Revenue,Consulting Revenue - Marketing
2194,20250721,4004,9,CC-200,33824.83,Revenue,Consulting Revenue - Sales - APAC
2195,20250728,4004,10,CC-400,37957.66,Revenue,Consulting Revenue - Sales - EMEA
2196,20250724,4005,1,CC-500,31689.14,Revenue,License Revenue - Sales
2197,20250727,4005,2,CC-500,30136.98,Revenue,License Revenue - Marketing
2198,20250723,4005,9,CC-300,34559.41,Revenue,License Revenue - Sales - APAC
2199,20250726,4005,10,CC-400,31835.15,Revenue,License Revenue - Sales - EMEA
2200,20250705,4010,1,CC-200,4494.66,Revenue,Interest Income - Sales
2201,20250727,4010,2,CC-100,4080.76,Revenue,Interest Income - Marketing
2202,20250728,4010,9,CC-200,4083.64,Revenue,Interest Income - Sales - APAC
2203,20250721,4010,10,CC-400,4099.31,Revenue,Interest Income - Sales - EMEA
2204,20250707,5001,4,CC-500,122778.28,Expense,Cost of Goods Sold - Finance
2205,20250705,5001,7,CC-400,90119.24,Expense,Cost of Goods Sold - Customer Support
2206,20250724,5002,7,CC-200,32924.8,Expense,Direct Labor - Customer Support
2207,20250716,5002,1,CC-400,41079.49,Expense,Direct Labor - Sales
2208,20250719,5002,2,CC-400,30698.34,Expense,Direct Labor - Marketing
2209,20250702,5003,4,CC-400,27749.85,Expense,Manufacturing Overhead - Finance
2210,20250721,5003,5,CC-100,25205.58,Expense,Manufacturing Overhead - Human Resources
2211,20250710,6001,7,CC-500,99020.59,Expense,Salaries & Wages - Customer Support
2212,20250716,6001,10,CC-400,78221.46,Expense,Salaries & Wages - Sales - EMEA
2213,20250722,6001,8,CC-500,96512.86,Expense,Salaries & Wages - Research & Development
2214,20250708,6001,6,CC-400,111554.81,Expense,Salaries & Wages - Operations
2215,20250703,6002,1,CC-500,26279.31,Expense,Employee Benefits - Sales
2216,20250716,6002,9,CC-400,23132.06,Expense,Employee Benefits - Sales - APAC
2217,20250721,6002,10,CC-500,21592.8,Expense,Employee Benefits - Sales - EMEA
2218,20250701,6002,4,CC-400,23936.99,Expense,Employee Benefits - Finance
2219,20250708,6003,5,CC-400,32593.97,Expense,Rent & Facilities - Human Resources
2220,20250722,6003,4,CC-500,33100.79,Expense,Rent & Facilities - Finance
2221,20250714,6004,10,CC-400,5535.69,Expense,Utilities - Sales - EMEA
2222,20250726,6004,8,CC-300,5439.52,Expense,Utilities - Research & Development
2223,20250720,6004,3,CC-200,4746.86,Expense,Utilities - Engineering
2224,20250706,6005,5,CC-200,48007.02,Expense,Marketing & Advertising - Human Resources
2225,20250716,6005,2,CC-500,39590.72,Expense,Marketing & Advertising - Marketing
2226,20250718,6006,7,CC-200,13821.91,Expense,Travel & Entertainment - Customer Support
2227,20250712,6006,8,CC-100,12282.3,Expense,Travel & Entertainment - Research & Development
2228,20250702,6007,6,CC-500,15836.51,Expense,Professional Services - Operations
2229,20250714,6007,3,CC-300,15718.17,Expense,Professional Services - Engineering
2230,20250704,6007,9,CC-200,11838.23,Expense,Professional Services - Sales - APAC
2231,20250725,6008,4,CC-100,15038.38,Expense,Software & Technology - Finance
2232,20250705,6008,8,CC-300,15539.65,Expense,Software & Technology - Research & Development
2233,20250720,6008,5,CC-500,15408.4,Expense,Software & Technology - Human Resources
2234,20250715,6008,3,CC-100,14415.22,Expense,Software & Technology - Engineering
2235,20250717,6009,2,CC-100,9939.11,Expense,Depreciation - Marketing
2236,20250728,6009,10,CC-100,7411.05,Expense,Depreciation - Sales - EMEA
2237,20250706,6009,9,CC-300,7762.96,Expense,Depreciation - Sales - APAC
2238,20250721,6010,5,CC-200,6200.26,Expense,Insurance - Human Resources
2239,20250704,6010,8,CC-200,5105.67,Expense,Insurance - Research & Development
2240,20250714,6010,9,CC-400,6152.97,Expense,Insurance - Sales - APAC
2241,20250708,6010,6,CC-100,5981.51,Expense,Insurance - Operations
2242,20250723,6011,6,CC-300,2669.1,Expense,Office Supplies - Operations
2243,20250721,6011,5,CC-300,3526.2,Expense,Office Supplies - Human Resources
2244,20250725,6011,3,CC-200,3411.19,Expense,Office Supplies - Engineering
2245,20250715,6012,7,CC-400,4371.88,Expense,Training & Development - Customer Support
2246,20250726,6012,4,CC-500,5313.31,Expense,Training & Development - Finance
2247,20250715,6012,3,CC-100,4827.96,Expense,Training & Development - Engineering
2248,20250723,6012,10,CC-100,3862.05,Expense,Training & Development - Sales - EMEA
2249,20250714,7001,2,CC-200,18732.88,Expense,Income Tax - Marketing
2250,20250722,7001,10,CC-100,16079.45,Expense,Income Tax - Sales - EMEA
2251,20250719,7001,6,CC-200,22795.65,Expense,Income Tax - Operations
2252,20250710,7001,3,CC-500,16050.92,Expense,Income Tax - Engineering
2253,20250828,4001,1,CC-500,131292.76,Revenue,Product Sales - Sales
2254,20250812,4001,2,CC-300,126651.5,Revenue,Product Sales - Marketing
2255,20250817,4001,9,CC-300,114686.47,Revenue,Product Sales - Sales - APAC
2256,20250823,4001,10,CC-200,139006.34,Revenue,Product Sales - Sales - EMEA
2257,20250818,4002,1,CC-200,81307.31,Revenue,Service Revenue - Sales
2258,20250821,4002,2,CC-500,86843.42,Revenue,Service Revenue - Marketing
2259,20250826,4002,9,CC-300,82266.88,Revenue,Service Revenue - Sales - APAC
2260,20250825,4002,10,CC-400,90791.74,Revenue,Service Revenue - Sales - EMEA
2261,20250803,4003,1,CC-300,48932.54,Revenue,Subscription Revenue - Sales
2262,20250813,4003,2,CC-300,46343.92,Revenue,Subscription Revenue - Marketing
2263,20250817,4003,9,CC-200,57454.44,Revenue,Subscription Revenue - Sales - APAC
2264,20250807,4003,10,CC-300,61762.6,Revenue,Subscription Revenue - Sales - EMEA
2265,20250810,4004,1,CC-500,31497.11,Revenue,Consulting Revenue - Sales
2266,20250801,4004,2,CC-200,36109.66,Revenue,Consulting Revenue - Marketing
2267,20250819,4004,9,CC-500,30798.22,Revenue,Consulting Revenue - Sales - APAC
2268,20250824,4004,10,CC-300,33282.54,Revenue,Consulting Revenue - Sales - EMEA
2269,20250804,4005,1,CC-500,27746.68,Revenue,License Revenue - Sales
2270,20250809,4005,2,CC-300,30381.87,Revenue,License Revenue - Marketing
2271,20250804,4005,9,CC-300,29487.14,Revenue,License Revenue - Sales - APAC
2272,20250815,4005,10,CC-100,24551.01,Revenue,License Revenue - Sales - EMEA
2273,20250815,4010,1,CC-100,4213.16,Revenue,Interest Income - Sales
2274,20250826,4010,2,CC-200,4268.35,Revenue,Interest Income - Marketing
2275,20250819,4010,9,CC-500,4815.67,Revenue,Interest Income - Sales - APAC
2276,20250828,4010,10,CC-500,4773.81,Revenue,Interest Income - Sales - EMEA
2277,20250822,5001,4,CC-500,57605.52,Expense,Cost of Goods Sold - Finance
2278,20250817,5001,6,CC-400,46223.38,Expense,Cost of Goods Sold - Operations
2279,20250811,5001,5,CC-100,59130.27,Expense,Cost of Goods Sold - Human Resources
2280,20250827,5001,3,CC-200,54355.36,Expense,Cost of Goods Sold - Engineering
2281,20250803,5002,8,CC-400,41216.93,Expense,Direct Labor - Research & Development
2282,20250805,5002,2,CC-400,31802.18,Expense,Direct Labor - Marketing
2283,20250803,5002,3,CC-400,37639.05,Expense,Direct Labor - Engineering
2284,20250816,5003,9,CC-500,20678.51,Expense,Manufacturing Overhead - Sales - APAC
2285,20250823,5003,7,CC-400,18982.52,Expense,Manufacturing Overhead - Customer Support
2286,20250824,5003,10,CC-400,21103.46,Expense,Manufacturing Overhead - Sales - EMEA
2287,20250805,6001,3,CC-400,127219.94,Expense,Salaries & Wages - Engineering
2288,20250828,6001,10,CC-500,151963.23,Expense,Salaries & Wages - Sales - EMEA
2289,20250815,6001,9,CC-200,129492.02,Expense,Salaries & Wages - Sales - APAC
2290,20250820,6002,1,CC-100,39735.08,Expense,Employee Benefits - Sales
2291,20250804,6002,3,CC-100,38791.52,Expense,Employee Benefits - Engineering
2292,20250802,6002,6,CC-300,32226.37,Expense,Employee Benefits - Operations
2293,20250810,6003,3,CC-300,19740.73,Expense,Rent & Facilities - Engineering
2294,20250805,6003,2,CC-200,16407.11,Expense,Rent & Facilities - Marketing
2295,20250802,6003,6,CC-400,18373.03,Expense,Rent & Facilities - Operations
2296,20250810,6003,10,CC-300,19383.02,Expense,Rent & Facilities - Sales - EMEA
2297,20250812,6004,3,CC-500,5766.01,Expense,Utilities - Engineering
2298,20250814,6004,8,CC-100,5954.59,Expense,Utilities - Research & Development
2299,20250816,6005,10,CC-400,34803.45,Expense,Marketing & Advertising - Sales - EMEA
2300,20250805,6005,5,CC-500,34013.52,Expense,Marketing & Advertising - Human Resources
2301,20250821,6005,8,CC-500,33143.41,Expense,Marketing & Advertising - Research & Development
2302,20250803,6006,8,CC-300,11465.38,Expense,Travel & Entertainment - Research & Development
2303,20250814,6006,10,CC-500,11199.25,Expense,Travel & Entertainment - Sales - EMEA
2304,20250811,6006,3,CC-400,9548.94,Expense,Travel & Entertainment - Engineering
2305,20250823,6007,1,CC-200,8771.83,Expense,Professional Services - Sales
2306,20250818,6007,8,CC-300,8504.18,Expense,Professional Services - Research & Development
2307,20250803,6007,5,CC-500,11109.67,Expense,Professional Services - Human Resources
2308,20250818,6007,6,CC-500,9208.19,Expense,Professional Services - Operations
2309,20250804,6008,1,CC-100,13369.51,Expense,Software & Technology - Sales
2310,20250806,6008,9,CC-500,14354.57,Expense,Software & Technology - Sales - APAC
2311,20250826,6008,4,CC-300,15996.83,Expense,Software & Technology - Finance
2312,20250815,6008,7,CC-500,11911.35,Expense,Software & Technology - Customer Support
2313,20250816,6009,9,CC-100,12681.49,Expense,Depreciation - Sales - APAC
2314,20250811,6009,6,CC-100,15111.22,Expense,Depreciation - Operations
2315,20250813,6010,3,CC-300,8235.79,Expense,Insurance - Engineering
2316,20250804,6010,7,CC-100,6500.67,Expense,Insurance - Customer Support
2317,20250805,6010,1,CC-300,7320.32,Expense,Insurance - Sales
2318,20250822,6011,5,CC-400,4136.12,Expense,Office Supplies - Human Resources
2319,20250811,6011,2,CC-500,4164.85,Expense,Office Supplies - Marketing
2320,20250811,6012,1,CC-100,8272.89,Expense,Training & Development - Sales
2321,20250809,6012,10,CC-300,7712.86,Expense,Training & Development - Sales - EMEA
2322,20250819,7001,2,CC-500,23292.08,Expense,Income Tax - Marketing
2323,20250825,7001,1,CC-500,23259.51,Expense,Income Tax - Sales
2324,20250809,7001,4,CC-100,26045.98,Expense,Income Tax - Finance
2325,20250918,4001,1,CC-400,133321.36,Revenue,Product Sales - Sales
2326,20250901,4001,2,CC-400,149281.63,Revenue,Product Sales - Marketing
2327,20250901,4001,9,CC-200,149300.85,Revenue,Product Sales - Sales - APAC
2328,20250922,4001,10,CC-500,142927.98,Revenue,Product Sales - Sales - EMEA
2329,20250921,4002,1,CC-500,84127.27,Revenue,Service Revenue - Sales
2330,20250919,4002,2,CC-300,103725.66,Revenue,Service Revenue - Marketing
2331,20250928,4002,9,CC-100,92876.87,Revenue,Service Revenue - Sales - APAC
2332,20250926,4002,10,CC-200,99442.68,Revenue,Service Revenue - Sales - EMEA
2333,20250918,4003,1,CC-300,70047.44,Revenue,Subscription Revenue - Sales
2334,20250918,4003,2,CC-200,70368.03,Revenue,Subscription Revenue - Marketing
2335,20250915,4003,9,CC-500,69765.52,Revenue,Subscription Revenue - Sales - APAC
2336,20250927,4003,10,CC-400,52981.37,Revenue,Subscription Revenue - Sales - EMEA
2337,20250901,4004,1,CC-200,42433.17,Revenue,Consulting Revenue - Sales
2338,20250909,4004,2,CC-400,35546.75,Revenue,Consulting Revenue - Marketing
2339,20250912,4004,9,CC-400,42152.31,Revenue,Consulting Revenue - Sales - APAC
2340,20250919,4004,10,CC-200,45156.86,Revenue,Consulting Revenue - Sales - EMEA
2341,20250902,4005,1,CC-300,35732.12,Revenue,License Revenue - Sales
2342,20250919,4005,2,CC-500,29125.81,Revenue,License Revenue - Marketing
2343,20250913,4005,9,CC-100,28236.1,Revenue,License Revenue - Sales - APAC
2344,20250924,4005,10,CC-200,34348.6,Revenue,License Revenue - Sales - EMEA
2345,20250914,4010,1,CC-300,5205.48,Revenue,Interest Income - Sales
2346,20250926,4010,2,CC-500,4674.72,Revenue,Interest Income - Marketing
2347,20250921,4010,9,CC-300,4839.73,Revenue,Interest Income - Sales - APAC
2348,20250909,4010,10,CC-400,4752.29,Revenue,Interest Income - Sales - EMEA
2349,20250911,5001,6,CC-500,95498.95,Expense,Cost of Goods Sold - Operations
2350,20250921,5001,10,CC-200,87085.78,Expense,Cost of Goods Sold - Sales - EMEA
2351,20250922,5002,10,CC-100,45697.57,Expense,Direct Labor - Sales - EMEA
2352,20250923,5002,8,CC-500,49556.62,Expense,Direct Labor - Research & Development
2353,20250918,5003,8,CC-100,15534.29,Expense,Manufacturing Overhead - Research & Development
2354,20250922,5003,7,CC-400,10967.12,Expense,Manufacturing Overhead - Customer Support
2355,20250927,5003,2,CC-400,11466.44,Expense,Manufacturing Overhead - Marketing
2356,20250906,5003,9,CC-400,14047.08,Expense,Manufacturing Overhead - Sales - APAC
2357,20250901,6001,1,CC-400,112751.92,Expense,Salaries & Wages - Sales
2358,20250925,6001,2,CC-100,85306.4,Expense,Salaries & Wages - Marketing
2359,20250907,6001,8,CC-300,87595.56,Expense,Salaries & Wages - Research & Development
2360,20250921,6001,3,CC-500,80254.71,Expense,Salaries & Wages - Engineering
2361,20250909,6002,4,CC-100,40355.23,Expense,Employee Benefits - Finance
2362,20250907,6002,10,CC-500,33902.6,Expense,Employee Benefits - Sales - EMEA
2363,20250904,6002,8,CC-400,27297.04,Expense,Employee Benefits - Research & Development
2364,20250922,6003,10,CC-200,19100.2,Expense,Rent & Facilities - Sales - EMEA
2365,20250919,6003,9,CC-500,24101.57,Expense,Rent & Facilities - Sales - APAC
2366,20250905,6003,8,CC-500,19144.65,Expense,Rent & Facilities - Research & Development
2367,20250924,6004,2,CC-500,4111.89,Expense,Utilities - Marketing
2368,20250928,6004,3,CC-200,4006.44,Expense,Utilities - Engineering
2369,20250920,6004,5,CC-500,3856.29,Expense,Utilities - Human Resources
2370,20250915,6004,8,CC-500,3244.21,Expense,Utilities - Research & Development
2371,20250914,6005,7,CC-300,51369.48,Expense,Marketing & Advertising - Customer Support
2372,20250909,6005,1,CC-400,51198.15,Expense,Marketing & Advertising - Sales
2373,20250925,6006,9,CC-500,14973.45,Expense,Travel & Entertainment - Sales - APAC
2374,20250902,6006,8,CC-200,12260.79,Expense,Travel & Entertainment - Research & Development
2375,20250907,6007,7,CC-400,12970.96,Expense,Professional Services - Customer Support
2376,20250926,6007,9,CC-500,13074.35,Expense,Professional Services - Sales - APAC
2377,20250923,6007,8,CC-200,11342.08,Expense,Professional Services - Research & Development
2378,20250903,6008,2,CC-300,15584.27,Expense,Software & Technology - Marketing
2379,20250901,6008,4,CC-100,18907.16,Expense,Software & Technology - Finance
2380,20250919,6008,9,CC-100,17855.76,Expense,Software & Technology - Sales - APAC
2381,20250927,6009,6,CC-300,6530.24,Expense,Depreciation - Operations
2382,20250917,6009,5,CC-300,5423.7,Expense,Depreciation - Human Resources
2383,20250925,6009,4,CC-100,7376.45,Expense,Depreciation - Finance
2384,20250925,6009,1,CC-400,6863.91,Expense,Depreciation - Sales
2385,20250902,6010,8,CC-100,9009.51,Expense,Insurance - Research & Development
2386,20250926,6010,2,CC-100,10270.35,Expense,Insurance - Marketing
2387,20250921,6011,1,CC-500,3945.19,Expense,Office Supplies - Sales
2388,20250922,6011,8,CC-100,4669.13,Expense,Office Supplies - Research & Development
2389,20250913,6012,9,CC-400,8261.7,Expense,Training & Development - Sales - APAC
2390,20250908,6012,1,CC-400,7544.99,Expense,Training & Development - Sales
2391,20250920,7001,10,CC-400,19220.83,Expense,Income Tax - Sales - EMEA
2392,20250921,7001,1,CC-300,20430.0,Expense,Income Tax - Sales
2393,20250915,7001,8,CC-100,22913.16,Expense,Income Tax - Research & Development
2394,20250907,7001,4,CC-500,19634.26,Expense,Income Tax - Finance
2395,20251020,4001,1,CC-100,141956.42,Revenue,Product Sales - Sales
2396,20251026,4001,2,CC-500,171169.36,Revenue,Product Sales - Marketing
2397,20251005,4001,9,CC-500,177321.87,Revenue,Product Sales - Sales - APAC
2398,20251012,4001,10,CC-300,167504.52,Revenue,Product Sales - Sales - EMEA
2399,20251015,4002,1,CC-500,97727.84,Revenue,Service Revenue - Sales
2400,20251026,4002,2,CC-200,90668.28,Revenue,Service Revenue - Marketing
2401,20251010,4002,9,CC-200,86408.45,Revenue,Service Revenue - Sales - APAC
2402,20251021,4002,10,CC-500,102638.2,Revenue,Service Revenue - Sales - EMEA
2403,20251019,4003,1,CC-300,69260.68,Revenue,Subscription Revenue - Sales
2404,20251005,4003,2,CC-200,71786.71,Revenue,Subscription Revenue - Marketing
2405,20251011,4003,9,CC-500,63761.66,Revenue,Subscription Revenue - Sales - APAC
2406,20251017,4003,10,CC-100,60316.49,Revenue,Subscription Revenue - Sales - EMEA
2407,20251002,4004,1,CC-200,44012.48,Revenue,Consulting Revenue - Sales
2408,20251028,4004,2,CC-500,39520.18,Revenue,Consulting Revenue - Marketing
2409,20251007,4004,9,CC-300,37167.8,Revenue,Consulting Revenue - Sales - APAC
2410,20251026,4004,10,CC-200,49032.69,Revenue,Consulting Revenue - Sales - EMEA
2411,20251022,4005,1,CC-200,29565.07,Revenue,License Revenue - Sales
2412,20251020,4005,2,CC-400,33715.17,Revenue,License Revenue - Marketing
2413,20251019,4005,9,CC-500,35922.96,Revenue,License Revenue - Sales - APAC
2414,20251010,4005,10,CC-500,38680.55,Revenue,License Revenue - Sales - EMEA
2415,20251004,4010,1,CC-200,5231.7,Revenue,Interest Income - Sales
2416,20251016,4010,2,CC-100,5288.98,Revenue,Interest Income - Marketing
2417,20251021,4010,9,CC-100,4911.09,Revenue,Interest Income - Sales - APAC
2418,20251015,4010,10,CC-200,4916.92,Revenue,Interest Income - Sales - EMEA
2419,20251026,5001,4,CC-300,59796.33,Expense,Cost of Goods Sold - Finance
2420,20251013,5001,10,CC-200,59185.76,Expense,Cost of Goods Sold - Sales - EMEA
2421,20251012,5001,8,CC-100,47179.68,Expense,Cost of Goods Sold - Research & Development
2422,20251001,5001,6,CC-300,43413.67,Expense,Cost of Goods Sold - Operations
2423,20251025,5002,2,CC-500,25016.2,Expense,Direct Labor - Marketing
2424,20251007,5002,3,CC-100,26902.97,Expense,Direct Labor - Engineering
2425,20251008,5002,5,CC-200,25055.2,Expense,Direct Labor - Human Resources
2426,20251011,5002,4,CC-200,32893.36,Expense,Direct Labor - Finance
2427,20251004,5003,4,CC-300,11750.82,Expense,Manufacturing Overhead - Finance
2428,20251013,5003,3,CC-200,10913.37,Expense,Manufacturing Overhead - Engineering
2429,20251011,5003,10,CC-100,14336.29,Expense,Manufacturing Overhead - Sales - EMEA
2430,20251015,5003,1,CC-300,15855.02,Expense,Manufacturing Overhead - Sales
2431,20251026,6001,6,CC-500,204357.79,Expense,Salaries & Wages - Operations
2432,20251023,6001,10,CC-400,230222.97,Expense,Salaries & Wages - Sales - EMEA
2433,20251026,6002,2,CC-200,58807.55,Expense,Employee Benefits - Marketing
2434,20251013,6002,3,CC-500,44668.68,Expense,Employee Benefits - Engineering
2435,20251025,6003,6,CC-100,14814.03,Expense,Rent & Facilities - Operations
2436,20251028,6003,10,CC-200,17265.78,Expense,Rent & Facilities - Sales - EMEA
2437,20251011,6003,7,CC-200,16734.09,Expense,Rent & Facilities - Customer Support
2438,20251028,6003,9,CC-300,14831.33,Expense,Rent & Facilities - Sales - APAC
2439,20251026,6004,9,CC-100,6362.6,Expense,Utilities - Sales - APAC
2440,20251003,6004,8,CC-500,7115.52,Expense,Utilities - Research & Development
2441,20251012,6005,9,CC-500,49523.54,Expense,Marketing & Advertising - Sales - APAC
2442,20251006,6005,7,CC-400,44974.58,Expense,Marketing & Advertising - Customer Support
2443,20251016,6006,6,CC-400,10862.6,Expense,Travel & Entertainment - Operations
2444,20251021,6006,9,CC-400,9073.34,Expense,Travel & Entertainment - Sales - APAC
2445,20251021,6006,8,CC-500,11684.74,Expense,Travel & Entertainment - Research & Development
2446,20251028,6007,4,CC-400,24317.03,Expense,Professional Services - Finance
2447,20251010,6007,10,CC-200,18768.83,Expense,Professional Services - Sales - EMEA
2448,20251005,6008,7,CC-100,16232.61,Expense,Software & Technology - Customer Support
2449,20251015,6008,3,CC-300,19811.68,Expense,Software & Technology - Engineering
2450,20251019,6008,6,CC-200,18135.51,Expense,Software & Technology - Operations
2451,20251015,6009,8,CC-400,13839.54,Expense,Depreciation - Research & Development
2452,20251012,6009,9,CC-400,13028.67,Expense,Depreciation - Sales - APAC
2453,20251008,6010,6,CC-400,5831.19,Expense,Insurance - Operations
2454,20251012,6010,5,CC-100,6525.0,Expense,Insurance - Human Resources
2455,20251027,6010,7,CC-300,8356.25,Expense,Insurance - Customer Support
2456,20251004,6011,9,CC-200,2185.37,Expense,Office Supplies - Sales - APAC
2457,20251002,6011,10,CC-300,2033.84,Expense,Office Supplies - Sales - EMEA
2458,20251007,6011,2,CC-300,2444.19,Expense,Office Supplies - Marketing
2459,20251010,6011,7,CC-300,2568.1,Expense,Office Supplies - Customer Support
2460,20251009,6012,5,CC-500,4954.29,Expense,Training & Development - Human Resources
2461,20251010,6012,4,CC-300,3615.36,Expense,Training & Development - Finance
2462,20251013,6012,3,CC-400,5080.16,Expense,Training & Development - Engineering
2463,20251016,6012,7,CC-100,5079.35,Expense,Training & Development - Customer Support
2464,20251016,7001,9,CC-200,17370.03,Expense,Income Tax - Sales - APAC
2465,20251026,7001,3,CC-500,17423.04,Expense,Income Tax - Engineering
2466,20251024,7001,7,CC-400,19910.4,Expense,Income Tax - Customer Support
2467,20251026,7001,2,CC-300,21952.3,Expense,Income Tax - Marketing
2468,20251114,4001,1,CC-200,153696.36,Revenue,Product Sales - Sales
2469,20251107,4001,2,CC-400,189722.4,Revenue,Product Sales - Marketing
2470,20251101,4001,9,CC-500,172271.54,Revenue,Product Sales - Sales - APAC
2471,20251128,4001,10,CC-500,168902.96,Revenue,Product Sales - Sales - EMEA
2472,20251116,4002,1,CC-100,97024.6,Revenue,Service Revenue - Sales
2473,20251111,4002,2,CC-300,119368.75,Revenue,Service Revenue - Marketing
2474,20251122,4002,9,CC-400,100207.07,Revenue,Service Revenue - Sales - APAC
2475,20251110,4002,10,CC-500,117476.03,Revenue,Service Revenue - Sales - EMEA
2476,20251119,4003,1,CC-100,66537.23,Revenue,Subscription Revenue - Sales
2477,20251105,4003,2,CC-200,76209.64,Revenue,Subscription Revenue - Marketing
2478,20251119,4003,9,CC-300,80250.74,Revenue,Subscription Revenue - Sales - APAC
2479,20251120,4003,10,CC-500,72934.42,Revenue,Subscription Revenue - Sales - EMEA
2480,20251113,4004,1,CC-400,47837.26,Revenue,Consulting Revenue - Sales
2481,20251103,4004,2,CC-400,42647.03,Revenue,Consulting Revenue - Marketing
2482,20251116,4004,9,CC-200,47284.25,Revenue,Consulting Revenue - Sales - APAC
2483,20251115,4004,10,CC-500,41305.28,Revenue,Consulting Revenue - Sales - EMEA
2484,20251103,4005,1,CC-300,38595.02,Revenue,License Revenue - Sales
2485,20251106,4005,2,CC-500,33397.87,Revenue,License Revenue - Marketing
2486,20251116,4005,9,CC-500,31848.84,Revenue,License Revenue - Sales - APAC
2487,20251103,4005,10,CC-200,31790.81,Revenue,License Revenue - Sales - EMEA
2488,20251110,4010,1,CC-400,6571.91,Revenue,Interest Income - Sales
2489,20251122,4010,2,CC-300,5333.84,Revenue,Interest Income - Marketing
2490,20251102,4010,9,CC-400,5892.81,Revenue,Interest Income - Sales - APAC
2491,20251106,4010,10,CC-100,5619.48,Revenue,Interest Income - Sales - EMEA
2492,20251118,5001,7,CC-200,86100.34,Expense,Cost of Goods Sold - Customer Support
2493,20251113,5001,10,CC-100,69650.3,Expense,Cost of Goods Sold - Sales - EMEA
2494,20251105,5001,3,CC-200,85106.79,Expense,Cost of Goods Sold - Engineering
2495,20251106,5002,5,CC-400,64248.03,Expense,Direct Labor - Human Resources
2496,20251119,5002,7,CC-300,59364.58,Expense,Direct Labor - Customer Support
2497,20251105,5003,9,CC-100,24574.76,Expense,Manufacturing Overhead - Sales - APAC
2498,20251120,5003,8,CC-400,26413.9,Expense,Manufacturing Overhead - Research & Development
2499,20251115,6001,9,CC-400,223511.23,Expense,Salaries & Wages - Sales - APAC
2500,20251124,6001,6,CC-100,189135.01,Expense,Salaries & Wages - Operations
2501,20251113,6002,5,CC-300,47874.35,Expense,Employee Benefits - Human Resources
2502,20251114,6002,8,CC-200,53305.76,Expense,Employee Benefits - Research & Development
2503,20251123,6003,3,CC-200,32443.33,Expense,Rent & Facilities - Engineering
2504,20251123,6003,7,CC-400,33905.72,Expense,Rent & Facilities - Customer Support
2505,20251110,6004,4,CC-500,6548.48,Expense,Utilities - Finance
2506,20251123,6004,3,CC-100,7679.97,Expense,Utilities - Engineering
2507,20251103,6005,4,CC-300,22975.42,Expense,Marketing & Advertising - Finance
2508,20251125,6005,8,CC-500,24798.57,Expense,Marketing & Advertising - Research & Development
2509,20251115,6005,7,CC-400,25015.6,Expense,Marketing & Advertising - Customer Support
2510,20251117,6005,9,CC-200,19483.55,Expense,Marketing & Advertising - Sales - APAC
2511,20251113,6006,8,CC-400,12439.17,Expense,Travel & Entertainment - Research & Development
2512,20251128,6006,1,CC-400,14061.95,Expense,Travel & Entertainment - Sales
2513,20251123,6007,7,CC-100,16890.19,Expense,Professional Services - Customer Support
2514,20251122,6007,1,CC-300,24503.95,Expense,Professional Services - Sales
2515,20251123,6008,8,CC-200,11245.76,Expense,Software & Technology - Research & Development
2516,20251116,6008,10,CC-200,15930.1,Expense,Software & Technology - Sales - EMEA
2517,20251106,6008,9,CC-200,15230.3,Expense,Software & Technology - Sales - APAC
2518,20251104,6008,1,CC-500,15327.88,Expense,Software & Technology - Sales
2519,20251106,6009,5,CC-400,13382.97,Expense,Depreciation - Human Resources
2520,20251122,6009,2,CC-100,10969.65,Expense,Depreciation - Marketing
2521,20251122,6010,3,CC-100,6272.47,Expense,Insurance - Engineering
2522,20251123,6010,8,CC-400,7293.02,Expense,Insurance - Research & Development
2523,20251121,6010,6,CC-500,5897.54,Expense,Insurance - Operations
2524,20251102,6011,2,CC-100,1970.32,Expense,Office Supplies - Marketing
2525,20251108,6011,7,CC-200,2661.51,Expense,Office Supplies - Customer Support
2526,20251107,6011,5,CC-200,2279.66,Expense,Office Supplies - Human Resources
2527,20251101,6011,4,CC-400,2007.73,Expense,Office Supplies - Finance
2528,20251108,6012,6,CC-100,9647.85,Expense,Training & Development - Operations
2529,20251126,6012,4,CC-100,10651.48,Expense,Training & Development - Finance
2530,20251111,7001,3,CC-300,19597.5,Expense,Income Tax - Engineering
2531,20251120,7001,10,CC-200,19984.02,Expense,Income Tax - Sales - EMEA
2532,20251113,7001,1,CC-500,17215.53,Expense,Income Tax - Sales
2533,20251108,7001,4,CC-100,22923.6,Expense,Income Tax - Finance
2534,20251211,4001,1,CC-300,173799.73,Revenue,Product Sales - Sales
2535,20251221,4001,2,CC-400,171509.19,Revenue,Product Sales - Marketing
2536,20251207,4001,9,CC-400,179643.8,Revenue,Product Sales - Sales - APAC
2537,20251222,4001,10,CC-100,187773.68,Revenue,Product Sales - Sales - EMEA
2538,20251212,4002,1,CC-500,129482.36,Revenue,Service Revenue - Sales
2539,20251214,4002,2,CC-200,102114.39,Revenue,Service Revenue - Marketing
2540,20251216,4002,9,CC-500,111256.45,Revenue,Service Revenue - Sales - APAC
2541,20251223,4002,10,CC-100,135445.31,Revenue,Service Revenue - Sales - EMEA
2542,20251206,4003,1,CC-500,76875.48,Revenue,Subscription Revenue - Sales
2543,20251220,4003,2,CC-100,70390.51,Revenue,Subscription Revenue - Marketing
2544,20251222,4003,9,CC-400,72042.64,Revenue,Subscription Revenue - Sales - APAC
2545,20251211,4003,10,CC-200,85736.19,Revenue,Subscription Revenue - Sales - EMEA
2546,20251228,4004,1,CC-300,45761.79,Revenue,Consulting Revenue - Sales
2547,20251211,4004,2,CC-100,53230.5,Revenue,Consulting Revenue - Marketing
2548,20251215,4004,9,CC-500,43363.44,Revenue,Consulting Revenue - Sales - APAC
2549,20251217,4004,10,CC-200,48910.87,Revenue,Consulting Revenue - Sales - EMEA
2550,20251208,4005,1,CC-100,41190.73,Revenue,License Revenue - Sales
2551,20251210,4005,2,CC-100,34372.31,Revenue,License Revenue - Marketing
2552,20251225,4005,9,CC-400,36963.38,Revenue,License Revenue - Sales - APAC
2553,20251202,4005,10,CC-100,37049.47,Revenue,License Revenue - Sales - EMEA
2554,20251210,4010,1,CC-400,5648.4,Revenue,Interest Income - Sales
2555,20251207,4010,2,CC-400,5770.95,Revenue,Interest Income - Marketing
2556,20251224,4010,9,CC-200,6607.55,Revenue,Interest Income - Sales - APAC
2557,20251224,4010,10,CC-400,6523.97,Revenue,Interest Income - Sales - EMEA
2558,20251217,5001,3,CC-100,76135.74,Expense,Cost of Goods Sold - Engineering
2559,20251221,5001,5,CC-400,80403.26,Expense,Cost of Goods Sold - Human Resources
2560,20251208,5001,6,CC-100,81006.06,Expense,Cost of Goods Sold - Operations
2561,20251226,5002,6,CC-200,28948.15,Expense,Direct Labor - Operations
2562,20251220,5002,10,CC-200,30635.79,Expense,Direct Labor - Sales - EMEA
2563,20251211,5002,4,CC-500,32748.85,Expense,Direct Labor - Finance
2564,20251203,5002,2,CC-100,24892.42,Expense,Direct Labor - Marketing
2565,20251207,5003,2,CC-200,18967.44,Expense,Manufacturing Overhead - Marketing
2566,20251219,5003,4,CC-200,15304.04,Expense,Manufacturing Overhead - Finance
2567,20251208,5003,1,CC-200,18351.7,Expense,Manufacturing Overhead - Sales
2568,20251208,6001,2,CC-200,83103.7,Expense,Salaries & Wages - Marketing
2569,20251208,6001,7,CC-500,93082.24,Expense,Salaries & Wages - Customer Support
2570,20251215,6001,8,CC-500,88439.07,Expense,Salaries & Wages - Research & Development
2571,20251209,6001,3,CC-200,113960.67,Expense,Salaries & Wages - Engineering
2572,20251215,6002,2,CC-400,32336.96,Expense,Employee Benefits - Marketing
2573,20251224,6002,6,CC-500,32948.68,Expense,Employee Benefits - Operations
2574,20251227,6002,7,CC-200,33094.65,Expense,Employee Benefits - Customer Support
2575,20251220,6003,1,CC-300,25115.57,Expense,Rent & Facilities - Sales
2576,20251224,6003,7,CC-500,22327.34,Expense,Rent & Facilities - Customer Support
2577,20251215,6003,9,CC-400,19146.15,Expense,Rent & Facilities - Sales - APAC
2578,20251203,6004,8,CC-400,4919.31,Expense,Utilities - Research & Development
2579,20251207,6004,5,CC-400,4479.81,Expense,Utilities - Human Resources
2580,20251201,6004,7,CC-200,4137.07,Expense,Utilities - Customer Support
2581,20251213,6005,9,CC-400,44846.17,Expense,Marketing & Advertising - Sales - APAC
2582,20251213,6005,6,CC-300,53468.87,Expense,Marketing & Advertising - Operations
2583,20251213,6006,5,CC-100,11540.0,Expense,Travel & Entertainment - Human Resources
2584,20251207,6006,2,CC-200,11728.52,Expense,Travel & Entertainment - Marketing
2585,20251225,6006,7,CC-300,11051.8,Expense,Travel & Entertainment - Customer Support
2586,20251221,6007,6,CC-100,11291.66,Expense,Professional Services - Operations
2587,20251224,6007,9,CC-400,10018.4,Expense,Professional Services - Sales - APAC
2588,20251202,6007,8,CC-400,9436.53,Expense,Professional Services - Research & Development
2589,20251221,6007,10,CC-300,12270.17,Expense,Professional Services - Sales - EMEA
2590,20251209,6008,1,CC-200,13259.54,Expense,Software & Technology - Sales
2591,20251222,6008,3,CC-500,12136.04,Expense,Software & Technology - Engineering
2592,20251204,6008,5,CC-100,15344.19,Expense,Software & Technology - Human Resources
2593,20251213,6008,8,CC-400,14963.25,Expense,Software & Technology - Research & Development
2594,20251209,6009,10,CC-400,5717.77,Expense,Depreciation - Sales - EMEA
2595,20251218,6009,2,CC-500,7106.45,Expense,Depreciation - Marketing
2596,20251219,6009,4,CC-400,7018.4,Expense,Depreciation - Finance
2597,20251225,6009,8,CC-400,6093.06,Expense,Depreciation - Research & Development
2598,20251224,6010,2,CC-200,4628.26,Expense,Insurance - Marketing
2599,20251201,6010,10,CC-300,5179.62,Expense,Insurance - Sales - EMEA
2600,20251201,6010,6,CC-400,6451.98,Expense,Insurance - Operations
2601,20251217,6010,7,CC-400,4529.24,Expense,Insurance - Customer Support
2602,20251223,6011,5,CC-200,2785.79,Expense,Office Supplies - Human Resources
2603,20251206,6011,7,CC-400,2731.95,Expense,Office Supplies - Customer Support
2604,20251215,6011,3,CC-100,3203.35,Expense,Office Supplies - Engineering
2605,20251209,6012,4,CC-200,4949.85,Expense,Training & Development - Finance
2606,20251215,6012,3,CC-400,5369.3,Expense,Training & Development - Engineering
2607,20251204,6012,10,CC-500,4728.31,Expense,Training & Development - Sales - EMEA
2608,20251203,6012,1,CC-200,5163.05,Expense,Training & Development - Sales
2609,20251201,7001,2,CC-300,23678.33,Expense,Income Tax - Marketing
2610,20251216,7001,7,CC-400,26890.72,Expense,Income Tax - Customer Support
2611,20251201,7001,10,CC-100,27797.17,Expense,Income Tax - Sales - EMEA
